date,open,high,low,close,aggregate_open_interest,aggregate_volume,cot_commercial_net,specs_positioning,ma20,ma50,commodity,ticker
2021-07-08,2266.0,2266.0,2266.0,2266.0,,0,,,,,Cocoa,CC=F
2021-07-09,2318.0,2318.0,2318.0,2318.0,,0,,,,,Cocoa,CC=F
2021-07-12,2601.0,2601.0,2601.0,2401.0,,2,,,,,Cocoa,CC=F
2021-07-13,2370.0,2370.0,2370.0,2370.0,,0,,,,,Cocoa,CC=F
2021-07-14,2373.0,2373.0,2373.0,2373.0,,0,,,,,Cocoa,CC=F
2021-07-15,2340.0,2340.0,2340.0,2340.0,,12612,,,,,Cocoa,CC=F
2021-07-16,2375.0,2391.0,2304.0,2320.0,,18751,,,,,Cocoa,CC=F
2021-07-19,2300.0,2303.0,2236.0,2239.0,,26442,,,,,Cocoa,CC=F
2021-07-20,2246.0,2260.0,2232.0,2257.0,,17429,,,,,Cocoa,CC=F
2021-07-21,2257.0,2285.0,2249.0,2265.0,,14155,,,,,Cocoa,CC=F
2021-07-22,2265.0,2325.0,2256.0,2317.0,,19284,,,,,Cocoa,CC=F
2021-07-23,2313.0,2336.0,2299.0,2321.0,,15070,,,,,Cocoa,CC=F
2021-07-26,2327.0,2417.0,2327.0,2392.0,,33453,,,,,Cocoa,CC=F
2021-07-27,2384.0,2407.0,2373.0,2393.0,,17661,,,,,Cocoa,CC=F
2021-07-28,2387.0,2446.0,2376.0,2427.0,,20621,,,,,Cocoa,CC=F
2021-07-29,2434.0,2455.0,2406.0,2435.0,,19378,,,,,Cocoa,CC=F
2021-07-30,2410.0,2416.0,2356.0,2366.0,,27086,,,,,Cocoa,CC=F
2021-08-02,2359.0,2368.0,2333.0,2363.0,,21280,,,,,Cocoa,CC=F
2021-08-03,2371.0,2433.0,2361.0,2426.0,,31834,,,,,Cocoa,CC=F
2021-08-04,2435.0,2462.0,2387.0,2393.0,,27184,,,2349.1,,Cocoa,CC=F
2021-08-05,2392.0,2431.0,2388.0,2405.0,,18523,,,2356.05,,Cocoa,CC=F
2021-08-06,2404.0,2423.0,2391.0,2417.0,,24585,,,2361.0,,Cocoa,CC=F
2021-08-09,2416.0,2428.0,2399.0,2411.0,,28106,,,2361.5,,Cocoa,CC=F
2021-08-10,2412.0,2474.0,2404.0,2468.0,,20041,,,2366.4,,Cocoa,CC=F
2021-08-11,2463.0,2514.0,2457.0,2509.0,,18589,,,2373.2,,Cocoa,CC=F
2021-08-12,2512.0,2530.0,2498.0,2507.0,,11743,,,2381.55,,Cocoa,CC=F
2021-08-13,2510.0,2550.0,2510.0,2547.0,,9127,,,2392.9,,Cocoa,CC=F
2021-08-16,2540.0,2578.0,2538.0,2544.0,,10340,,,2408.15,,Cocoa,CC=F
2021-08-17,2540.0,2620.0,2525.0,2607.0,,3827,,,2425.65,,Cocoa,CC=F
2021-08-18,2599.0,2630.0,2599.0,2630.0,,3,,,2443.9,,Cocoa,CC=F
2021-08-19,2640.0,2672.0,2574.0,2641.0,,16,,,2460.1,,Cocoa,CC=F
2021-08-20,2633.0,2633.0,2633.0,2580.0,,1,,,2473.05,,Cocoa,CC=F
2021-08-23,2593.0,2593.0,2593.0,2574.0,,1,,,2482.15,,Cocoa,CC=F
2021-08-24,2590.0,2590.0,2590.0,2590.0,,0,,,2492.0,,Cocoa,CC=F
2021-08-25,2632.0,2632.0,2632.0,2632.0,,0,,,2502.25,,Cocoa,CC=F
2021-08-26,2643.0,2643.0,2643.0,2643.0,,0,,,2512.65,,Cocoa,CC=F
2021-08-27,2602.0,2602.0,2602.0,2602.0,,0,,,2524.45,,Cocoa,CC=F
2021-08-30,2617.0,2617.0,2617.0,2617.0,,0,,,2537.15,,Cocoa,CC=F
2021-08-31,2580.0,2580.0,2574.0,2560.0,,3,,,2543.85,,Cocoa,CC=F
2021-09-01,2558.0,2558.0,2558.0,2558.0,,0,,,2552.1,,Cocoa,CC=F
2021-09-02,2631.0,2631.0,2631.0,2631.0,,0,,,2563.4,,Cocoa,CC=F
2021-09-03,2674.0,2674.0,2674.0,2674.0,,0,,,2576.25,,Cocoa,CC=F
2021-09-07,2750.0,2750.0,2750.0,2753.0,,26,,,2593.35,,Cocoa,CC=F
2021-09-08,2727.0,2727.0,2727.0,2727.0,,0,,,2606.3,,Cocoa,CC=F
2021-09-09,2713.0,2713.0,2713.0,2713.0,,0,,,2616.5,,Cocoa,CC=F
2021-09-10,2643.0,2643.0,2643.0,2643.0,,0,,,2623.3,,Cocoa,CC=F
2021-09-13,2677.0,2677.0,2677.0,2677.0,,0,,,2629.8,,Cocoa,CC=F
2021-09-14,2696.0,2696.0,2696.0,2696.0,,0,,,2637.4,,Cocoa,CC=F
2021-09-15,2703.0,2703.0,2703.0,2703.0,,16321,,,2642.2,,Cocoa,CC=F
2021-09-16,2665.0,2674.0,2640.0,2657.0,,9643,,,2643.55,2497.96,Cocoa,CC=F
2021-09-17,2663.0,2672.0,2635.0,2665.0,,11863,,,2644.75,2505.94,Cocoa,CC=F
2021-09-20,2651.0,2651.0,2579.0,2593.0,,24454,,,2645.4,2511.44,Cocoa,CC=F
2021-09-21,2606.0,2641.0,2594.0,2605.0,,15380,,,2646.95,2515.52,Cocoa,CC=F
2021-09-22,2623.0,2661.0,2614.0,2652.0,,17186,,,2650.05,2521.16,Cocoa,CC=F
2021-09-23,2652.0,2658.0,2605.0,2612.0,,16000,,,2649.05,2525.94,Cocoa,CC=F
2021-09-24,2609.0,2617.0,2561.0,2591.0,,16078,,,2646.45,2530.96,Cocoa,CC=F
2021-09-27,2582.0,2597.0,2542.0,2546.0,,17756,,,2643.65,2535.48,Cocoa,CC=F
2021-09-28,2545.0,2584.0,2537.0,2555.0,,17975,,,2640.55,2541.8,Cocoa,CC=F
2021-09-29,2567.0,2602.0,2559.0,2589.0,,16315,,,2642.0,2548.44,Cocoa,CC=F
2021-09-30,2596.0,2666.0,2587.0,2652.0,,23766,,,2646.7,2556.18,Cocoa,CC=F
2021-10-01,2641.0,2723.0,2633.0,2710.0,,24042,,,2650.65,2564.04,Cocoa,CC=F
2021-10-04,2712.0,2792.0,2705.0,2752.0,,25174,,,2654.55,2572.66,Cocoa,CC=F
2021-10-05,2762.0,2768.0,2717.0,2755.0,,21110,,,2654.65,2579.92,Cocoa,CC=F
2021-10-06,2754.0,2754.0,2681.0,2715.0,,24068,,,2654.05,2586.36,Cocoa,CC=F
2021-10-07,2723.0,2750.0,2716.0,2726.0,,13244,,,2654.7,2592.34,Cocoa,CC=F
2021-10-08,2737.0,2774.0,2726.0,2750.0,,16608,,,2660.05,2598.64,Cocoa,CC=F
2021-10-11,2752.0,2753.0,2672.0,2682.0,,19919,,,2660.3,2604.96,Cocoa,CC=F
2021-10-12,2684.0,2711.0,2662.0,2675.0,,13898,,,2659.25,2611.2,Cocoa,CC=F
2021-10-13,2675.0,2684.0,2588.0,2602.0,,25149,,,2654.2,2614.72,Cocoa,CC=F
2021-10-14,2605.0,2629.0,2567.0,2584.0,,22151,,,2650.55,2618.54,Cocoa,CC=F
2021-10-15,2588.0,2617.0,2565.0,2607.0,,18526,,,2647.65,2622.58,Cocoa,CC=F
2021-10-18,2606.0,2636.0,2580.0,2610.0,,13778,,,2648.5,2626.44,Cocoa,CC=F
2021-10-19,2623.0,2632.0,2526.0,2559.0,,24314,,,2646.2,2629.4,Cocoa,CC=F
2021-10-20,2542.0,2555.0,2499.0,2505.0,,20158,,,2638.85,2630.14,Cocoa,CC=F
2021-10-21,2514.0,2568.0,2508.0,2555.0,,24165,,,2636.0,2631.06,Cocoa,CC=F
2021-10-22,2560.0,2601.0,2518.0,2583.0,,17196,,,2635.6,2632.58,Cocoa,CC=F
2021-10-25,2588.0,2632.0,2581.0,2616.0,,21074,,,2639.1,2633.96,Cocoa,CC=F
2021-10-26,2601.0,2620.0,2571.0,2581.0,,13928,,,2640.4,2634.7,Cocoa,CC=F
2021-10-27,2580.0,2614.0,2558.0,2603.0,,17070,,,2641.1,2634.62,Cocoa,CC=F
2021-10-28,2600.0,2618.0,2563.0,2571.0,,20000,,,2637.05,2633.44,Cocoa,CC=F
2021-10-29,2564.0,2568.0,2525.0,2544.0,,16693,,,2628.75,2631.5,Cocoa,CC=F
2021-11-01,2548.0,2566.0,2510.0,2564.0,,17143,,,2619.35,2631.18,Cocoa,CC=F
2021-11-02,2557.0,2559.0,2455.0,2457.0,,27303,,,2604.45,2628.84,Cocoa,CC=F
2021-11-03,2457.0,2481.0,2405.0,2424.0,,28296,,,2589.9,2625.52,Cocoa,CC=F
2021-11-04,2427.0,2462.0,2423.0,2440.0,,14714,,,2575.6,2621.68,Cocoa,CC=F
2021-11-05,2439.0,2452.0,2390.0,2397.0,,28032,,,2557.95,2616.76,Cocoa,CC=F
2021-11-08,2400.0,2438.0,2382.0,2433.0,,21069,,,2545.5,2613.38,Cocoa,CC=F
2021-11-09,2440.0,2445.0,2395.0,2433.0,,17287,,,2533.4,2609.7,Cocoa,CC=F
2021-11-10,2435.0,2503.0,2428.0,2473.0,,16255,,,2526.95,2607.96,Cocoa,CC=F
2021-11-11,2468.0,2492.0,2448.0,2485.0,,9321,,,2522.0,2606.5,Cocoa,CC=F
2021-11-12,2479.0,2479.0,2456.0,2470.0,,5664,,,2515.15,2603.28,Cocoa,CC=F
2021-11-15,2471.0,2490.0,2439.0,2458.0,,5109,,,2507.55,2598.96,Cocoa,CC=F
2021-11-16,2480.0,2510.0,2468.0,2505.0,,36,,,2504.85,2594.0,Cocoa,CC=F
2021-11-17,2520.0,2538.0,2456.0,2514.0,,18,,,2505.3,2589.74,Cocoa,CC=F
2021-11-18,2554.0,2554.0,2547.0,2552.0,,5,,,2505.15,2586.52,Cocoa,CC=F
2021-11-19,2549.0,2550.0,2493.0,2493.0,,25,,,2500.65,2583.52,Cocoa,CC=F
2021-11-22,2498.0,2498.0,2498.0,2498.0,,0,,,2494.75,2579.94,Cocoa,CC=F
2021-11-23,2478.0,2478.0,2478.0,2478.0,,0,,,2489.6,2575.58,Cocoa,CC=F
2021-11-24,2469.0,2469.0,2469.0,2456.0,,15,,,2482.25,2570.64,Cocoa,CC=F
2021-11-26,2340.0,2340.0,2340.0,2340.0,,0,,,2470.7,2564.3,Cocoa,CC=F
2021-11-29,2322.0,2322.0,2322.0,2322.0,,0,,,2459.6,2557.44,Cocoa,CC=F
2021-11-30,2320.0,2320.0,2320.0,2314.0,,2,,,2447.1,2551.86,Cocoa,CC=F
2021-12-01,2320.0,2320.0,2320.0,2320.0,,0,,,2440.25,2546.16,Cocoa,CC=F
2021-12-02,2421.0,2421.0,2421.0,2421.0,,0,,,2440.1,2541.54,Cocoa,CC=F
2021-12-03,2435.0,2435.0,2435.0,2435.0,,0,,,2439.85,2538.0,Cocoa,CC=F
2021-12-06,2428.0,2428.0,2428.0,2428.0,,0,,,2441.4,2534.74,Cocoa,CC=F
2021-12-07,2453.0,2453.0,2453.0,2453.0,,0,,,2442.4,2532.88,Cocoa,CC=F
2021-12-08,2569.0,2569.0,2569.0,2466.0,,1,,,2444.05,2531.1,Cocoa,CC=F
2021-12-09,2447.0,2447.0,2447.0,2447.0,,0,,,2442.75,2528.26,Cocoa,CC=F
2021-12-10,2462.0,2462.0,2462.0,2462.0,,0,,,2441.6,2524.46,Cocoa,CC=F
2021-12-13,2630.0,2630.0,2630.0,2528.0,,1,,,2444.5,2520.82,Cocoa,CC=F
2021-12-14,2625.0,2625.0,2625.0,2584.0,,1,,,2450.8,2517.46,Cocoa,CC=F
2021-12-15,2627.0,2627.0,2627.0,2627.0,,16734,,,2456.9,2514.9,Cocoa,CC=F
2021-12-16,2561.0,2567.0,2497.0,2547.0,,17933,,,2458.55,2511.54,Cocoa,CC=F
2021-12-17,2540.0,2550.0,2478.0,2497.0,,15934,,,2455.8,2506.96,Cocoa,CC=F
2021-12-20,2467.0,2477.0,2417.0,2423.0,,18335,,,2452.3,2500.42,Cocoa,CC=F
2021-12-21,2433.0,2475.0,2420.0,2460.0,,12410,,,2450.4,2495.98,Cocoa,CC=F
2021-12-22,2470.0,2498.0,2456.0,2466.0,,13069,,,2449.8,2491.8,Cocoa,CC=F
2021-12-23,2473.0,2510.0,2446.0,2473.0,,0,,,2450.65,2489.22,Cocoa,CC=F
2021-12-27,2464.0,2487.0,2433.0,2461.0,,6692,,,2456.7,2486.76,Cocoa,CC=F
2021-12-28,2476.0,2498.0,2460.0,2485.0,,9060,,,2464.85,2484.32,Cocoa,CC=F
2021-12-29,2482.0,2519.0,2464.0,2515.0,,11564,,,2474.9,2482.42,Cocoa,CC=F
2021-12-30,2509.0,2576.0,2502.0,2559.0,,19967,,,2486.85,2482.42,Cocoa,CC=F
2021-12-31,2565.0,2565.0,2513.0,2520.0,,18144,,,2491.8,2482.72,Cocoa,CC=F
2022-01-03,2540.0,2553.0,2476.0,2499.0,,14712,,,2495.0,2481.6,Cocoa,CC=F
2022-01-04,2502.0,2523.0,2450.0,2462.0,,21749,,,2496.7,2479.18,Cocoa,CC=F
2022-01-05,2475.0,2482.0,2418.0,2457.0,,23898,,,2496.9,2476.0,Cocoa,CC=F
2022-01-06,2440.0,2452.0,2408.0,2423.0,,17841,,,2494.75,2472.84,Cocoa,CC=F
2022-01-07,2442.0,2530.0,2435.0,2521.0,,24723,,,2498.45,2471.2,Cocoa,CC=F
2022-01-10,2514.0,2539.0,2499.0,2521.0,,18059,,,2501.4,2470.2,Cocoa,CC=F
2022-01-11,2535.0,2604.0,2515.0,2588.0,,26805,,,2504.4,2471.08,Cocoa,CC=F
2022-01-12,2595.0,2610.0,2550.0,2559.0,,24958,,,2503.15,2470.98,Cocoa,CC=F
2022-01-13,2560.0,2629.0,2560.0,2609.0,,21234,,,2502.25,2474.02,Cocoa,CC=F
2022-01-14,2625.0,2683.0,2624.0,2659.0,,21192,,,2507.85,2478.72,Cocoa,CC=F
2022-01-18,2668.0,2675.0,2620.0,2631.0,,31842,,,2514.55,2482.54,Cocoa,CC=F
2022-01-19,2624.0,2680.0,2607.0,2657.0,,18402,,,2526.25,2487.74,Cocoa,CC=F
2022-01-20,2656.0,2695.0,2639.0,2660.0,,18762,,,2536.25,2492.28,Cocoa,CC=F
2022-01-21,2627.0,2640.0,2575.0,2576.0,,26905,,,2541.75,2495.14,Cocoa,CC=F
2022-01-24,2569.0,2576.0,2492.0,2493.0,,25526,,,2542.75,2495.54,Cocoa,CC=F
2022-01-25,2504.0,2524.0,2488.0,2503.0,,20901,,,2544.85,2495.9,Cocoa,CC=F
2022-01-26,2505.0,2535.0,2496.0,2513.0,,16077,,,2546.25,2496.76,Cocoa,CC=F
2022-01-27,2484.0,2497.0,2439.0,2451.0,,21863,,,2543.05,2496.62,Cocoa,CC=F
2022-01-28,2444.0,2499.0,2440.0,2494.0,,18035,,,2539.8,2496.4,Cocoa,CC=F
2022-01-31,2508.0,2534.0,2491.0,2528.0,,20650,,,2540.2,2496.68,Cocoa,CC=F
2022-02-01,2533.0,2619.0,2530.0,2613.0,,25087,,,2545.9,2497.9,Cocoa,CC=F
2022-02-02,2613.0,2641.0,2601.0,2617.0,,23079,,,2553.65,2500.38,Cocoa,CC=F
2022-02-03,2612.0,2650.0,2591.0,2634.0,,19568,,,2562.5,2503.1,Cocoa,CC=F
2022-02-04,2648.0,2678.0,2646.0,2668.0,,26114,,,2574.75,2506.9,Cocoa,CC=F
2022-02-07,2659.0,2676.0,2615.0,2624.0,,25403,,,2579.9,2510.26,Cocoa,CC=F
2022-02-08,2632.0,2677.0,2626.0,2669.0,,17465,,,2587.3,2516.84,Cocoa,CC=F
2022-02-09,2667.0,2762.0,2663.0,2756.0,,21961,,,2595.7,2525.52,Cocoa,CC=F
2022-02-10,2756.0,2790.0,2741.0,2786.0,,11348,,,2607.05,2534.96,Cocoa,CC=F
2022-02-11,2768.0,2772.0,2723.0,2766.0,,9500,,,2614.9,2543.88,Cocoa,CC=F
2022-02-14,2733.0,2733.0,2673.0,2677.0,,5636,,,2615.8,2549.0,Cocoa,CC=F
2022-02-15,2693.0,2703.0,2659.0,2667.0,,5460,,,2617.6,2553.64,Cocoa,CC=F
2022-02-16,2685.0,2688.0,2605.0,2611.0,,4459,,,2615.3,2557.3,Cocoa,CC=F
2022-02-17,2605.0,2644.0,2584.0,2589.0,,7330,,,2611.75,2560.02,Cocoa,CC=F
2022-02-18,2595.0,2605.0,2560.0,2573.0,,1333,,,2611.6,2562.16,Cocoa,CC=F
2022-02-22,2590.0,2600.0,2560.0,2611.0,,15,,,2617.5,2565.44,Cocoa,CC=F
2022-02-23,2622.0,2628.0,2622.0,2626.0,,37,,,2623.65,2568.72,Cocoa,CC=F
2022-02-24,2578.0,2578.0,2578.0,2578.0,,30,,,2626.9,2569.72,Cocoa,CC=F
2022-02-25,2568.0,2571.0,2568.0,2576.0,,2,,,2633.15,2569.56,Cocoa,CC=F
2022-02-28,2503.0,2503.0,2503.0,2491.0,,1,,,2633.0,2566.84,Cocoa,CC=F
2022-03-01,2491.0,2491.0,2491.0,2483.0,,1,,,2630.75,2565.56,Cocoa,CC=F
2022-03-02,2503.0,2527.0,2478.0,2491.0,,45,,,2624.65,2565.44,Cocoa,CC=F
2022-03-03,2495.0,2495.0,2495.0,2524.0,,1,,,2620.0,2567.46,Cocoa,CC=F
2022-03-04,2582.0,2582.0,2582.0,2582.0,,0,,,2617.4,2569.9,Cocoa,CC=F
2022-03-07,2597.0,2597.0,2597.0,2597.0,,0,,,2613.85,2572.52,Cocoa,CC=F
2022-03-08,2597.0,2597.0,2597.0,2597.0,,10,,,2612.5,2575.0,Cocoa,CC=F
2022-03-09,2624.0,2624.0,2624.0,2624.0,,0,,,2610.25,2578.26,Cocoa,CC=F
2022-03-10,2629.0,2629.0,2629.0,2643.0,,5,,,2604.6,2581.42,Cocoa,CC=F
2022-03-11,2580.0,2580.0,2580.0,2580.0,,0,,,2594.3,2582.72,Cocoa,CC=F
2022-03-14,2571.0,2571.0,2571.0,2571.0,,0,,,2584.55,2582.96,Cocoa,CC=F
2022-03-15,2468.0,2468.0,2447.0,2461.0,,2,,,2573.75,2581.78,Cocoa,CC=F
2022-03-16,2471.0,2471.0,2471.0,2471.0,,15992,,,2563.95,2581.22,Cocoa,CC=F
2022-03-17,2532.0,2550.0,2453.0,2504.0,,31797,,,2558.6,2582.06,Cocoa,CC=F
2022-03-18,2513.0,2558.0,2491.0,2537.0,,17423,,,2556.0,2583.66,Cocoa,CC=F
2022-03-21,2526.0,2547.0,2498.0,2521.0,,13964,,,2553.4,2585.62,Cocoa,CC=F
2022-03-22,2525.0,2594.0,2525.0,2586.0,,18069,,,2552.15,2586.92,Cocoa,CC=F
2022-03-23,2591.0,2638.0,2586.0,2631.0,,18483,,,2552.4,2589.12,Cocoa,CC=F
2022-03-24,2641.0,2653.0,2559.0,2583.0,,20088,,,2552.65,2589.02,Cocoa,CC=F
2022-03-25,2562.0,2590.0,2536.0,2562.0,,17345,,,2551.95,2589.08,Cocoa,CC=F
2022-03-28,2557.0,2621.0,2549.0,2602.0,,13654,,,2557.5,2588.94,Cocoa,CC=F
2022-03-29,2602.0,2643.0,2598.0,2639.0,,14715,,,2565.3,2588.54,Cocoa,CC=F
2022-03-30,2638.0,2674.0,2575.0,2651.0,,21439,,,2573.3,2588.94,Cocoa,CC=F
2022-03-31,2632.0,2679.0,2613.0,2650.0,,18301,,,2579.6,2588.8,Cocoa,CC=F
2022-04-01,2640.0,2647.0,2596.0,2599.0,,22839,,,2580.45,2587.58,Cocoa,CC=F
2022-04-04,2599.0,2652.0,2555.0,2562.0,,32577,,,2578.7,2587.3,Cocoa,CC=F
2022-04-05,2559.0,2588.0,2528.0,2534.0,,21452,,,2575.55,2588.12,Cocoa,CC=F
2022-04-06,2548.0,2578.0,2527.0,2549.0,,22003,,,2571.8,2589.04,Cocoa,CC=F
2022-04-07,2563.0,2586.0,2537.0,2574.0,,15650,,,2568.35,2590.26,Cocoa,CC=F
2022-04-08,2585.0,2644.0,2577.0,2620.0,,16182,,,2570.35,2593.64,Cocoa,CC=F
2022-04-11,2621.0,2647.0,2581.0,2616.0,,11826,,,2572.6,2596.08,Cocoa,CC=F
2022-04-12,2616.0,2634.0,2568.0,2583.0,,8315,,,2578.7,2597.18,Cocoa,CC=F
2022-04-13,2581.0,2615.0,2558.0,2583.0,,9840,,,2584.3,2596.58,Cocoa,CC=F
2022-04-14,2595.0,2603.0,2570.0,2583.0,,4530,,,2588.25,2595.9,Cocoa,CC=F
2022-04-18,2571.0,2573.0,2513.0,2525.0,,5501,,,2587.65,2593.72,Cocoa,CC=F
2022-04-19,2533.0,2543.0,2498.0,2525.0,,4355,,,2587.85,2590.86,Cocoa,CC=F
2022-04-20,2530.0,2567.0,2523.0,2536.0,,4992,,,2585.35,2589.1,Cocoa,CC=F
2022-04-21,2543.0,2557.0,2511.0,2540.0,,6677,,,2580.8,2586.52,Cocoa,CC=F
2022-04-22,2532.0,2532.0,2466.0,2506.0,,5210,,,2576.95,2581.52,Cocoa,CC=F
2022-04-25,2512.0,2512.0,2430.0,2432.0,,132,,,2570.45,2574.44,Cocoa,CC=F
2022-04-26,2574.0,2577.0,2574.0,2557.0,,74,,,2568.2,2570.26,Cocoa,CC=F
2022-04-27,2568.0,2568.0,2568.0,2572.0,,2,,,2564.85,2568.16,Cocoa,CC=F
2022-04-28,2575.0,2575.0,2575.0,2601.0,,3,,,2562.35,2566.84,Cocoa,CC=F
2022-04-29,2650.0,2650.0,2650.0,2597.0,,6,,,2559.7,2566.56,Cocoa,CC=F
2022-05-02,2632.0,2632.0,2632.0,2632.0,,0,,,2561.35,2567.42,Cocoa,CC=F
2022-05-03,2615.0,2615.0,2615.0,2615.0,,0,,,2564.0,2568.26,Cocoa,CC=F
2022-05-04,2637.0,2637.0,2637.0,2588.0,,1,,,2566.7,2567.8,Cocoa,CC=F
2022-05-05,2519.0,2519.0,2519.0,2519.0,,0,,,2565.2,2565.66,Cocoa,CC=F
2022-05-06,2500.0,2500.0,2500.0,2500.0,,0,,,2561.5,2564.1,Cocoa,CC=F
2022-05-09,2483.0,2483.0,2483.0,2483.0,,2,,,2554.65,2562.24,Cocoa,CC=F
2022-05-10,2473.0,2473.0,2473.0,2473.0,,0,,,2547.5,2561.88,Cocoa,CC=F
2022-05-11,2517.0,2517.0,2517.0,2517.0,,0,,,2544.2,2562.56,Cocoa,CC=F
2022-05-12,2461.0,2461.0,2461.0,2461.0,,0,,,2538.1,2561.96,Cocoa,CC=F
2022-05-13,2483.0,2483.0,2483.0,2483.0,,21280,,,2533.1,2561.14,Cocoa,CC=F
2022-05-16,2483.0,2524.0,2473.0,2505.0,,17446,,,2532.1,2559.6,Cocoa,CC=F
2022-05-17,2513.0,2528.0,2490.0,2513.0,,15062,,,2531.5,2557.92,Cocoa,CC=F
2022-05-18,2505.0,2506.0,2459.0,2470.0,,19307,,,2528.2,2555.38,Cocoa,CC=F
2022-05-19,2464.0,2468.0,2437.0,2457.0,,20873,,,2524.05,2552.04,Cocoa,CC=F
2022-05-20,2459.0,2475.0,2404.0,2429.0,,21673,,,2520.2,2547.76,Cocoa,CC=F
2022-05-23,2432.0,2471.0,2427.0,2451.0,,21168,,,2521.15,2545.18,Cocoa,CC=F
2022-05-24,2439.0,2458.0,2427.0,2441.0,,13882,,,2515.35,2542.58,Cocoa,CC=F
2022-05-25,2431.0,2446.0,2391.0,2407.0,,25150,,,2507.1,2541.5,Cocoa,CC=F
2022-05-26,2398.0,2474.0,2395.0,2464.0,,35424,,,2500.25,2541.36,Cocoa,CC=F
2022-05-27,2467.0,2477.0,2448.0,2462.0,,13612,,,2493.5,2540.52,Cocoa,CC=F
2022-05-31,2505.0,2518.0,2476.0,2496.0,,24260,,,2486.7,2539.7,Cocoa,CC=F
2022-06-01,2496.0,2538.0,2493.0,2524.0,,26371,,,2482.15,2539.76,Cocoa,CC=F
2022-06-02,2524.0,2541.0,2474.0,2485.0,,25089,,,2477.0,2537.74,Cocoa,CC=F
2022-06-03,2497.0,2535.0,2456.0,2469.0,,23918,,,2474.5,2534.5,Cocoa,CC=F
2022-06-06,2480.0,2504.0,2467.0,2488.0,,35678,,,2473.9,2532.6,Cocoa,CC=F
2022-06-07,2486.0,2507.0,2459.0,2475.0,,32667,,,2473.5,2530.86,Cocoa,CC=F
2022-06-08,2471.0,2485.0,2436.0,2458.0,,28272,,,2472.75,2527.98,Cocoa,CC=F
2022-06-09,2449.0,2477.0,2414.0,2428.0,,31882,,,2468.3,2523.76,Cocoa,CC=F
2022-06-10,2427.0,2441.0,2377.0,2385.0,,16609,,,2464.5,2518.44,Cocoa,CC=F
2022-06-13,2374.0,2374.0,2307.0,2334.0,,19055,,,2457.05,2512.12,Cocoa,CC=F
2022-06-14,2340.0,2342.0,2311.0,2326.0,,7766,,,2448.1,2506.66,Cocoa,CC=F
2022-06-15,2324.0,2340.0,2297.0,2332.0,,6815,,,2439.05,2502.06,Cocoa,CC=F
2022-06-16,2326.0,2338.0,2300.0,2329.0,,12479,,,2432.0,2497.96,Cocoa,CC=F
2022-06-17,2335.0,2402.0,2327.0,2387.0,,7024,,,2428.5,2494.72,Cocoa,CC=F
2022-06-21,2402.0,2424.0,2399.0,2416.0,,6766,,,2427.85,2491.56,Cocoa,CC=F
2022-06-22,2415.0,2415.0,2365.0,2399.0,,3961,,,2425.25,2487.14,Cocoa,CC=F
2022-06-23,2387.0,2418.0,2376.0,2379.0,,4570,,,2422.15,2482.4,Cocoa,CC=F
2022-06-24,2387.0,2397.0,2387.0,2381.0,,27,,,2420.85,2478.36,Cocoa,CC=F
2022-06-27,2371.0,2371.0,2371.0,2361.0,,2,,,2415.7,2473.92,Cocoa,CC=F
2022-06-28,2353.0,2353.0,2353.0,2353.0,,0,,,2410.25,2469.32,Cocoa,CC=F
2022-06-29,2317.0,2317.0,2317.0,2317.0,,0,,,2401.3,2465.16,Cocoa,CC=F
2022-06-30,2291.0,2291.0,2291.0,2291.0,,0,,,2389.65,2460.48,Cocoa,CC=F
2022-07-01,2265.0,2265.0,2265.0,2265.0,,0,,,2378.65,2455.06,Cocoa,CC=F
2022-07-05,2266.0,2266.0,2266.0,2266.0,,0,,,2368.5,2449.58,Cocoa,CC=F
2022-07-06,2323.0,2323.0,2323.0,2307.0,,1,,,2359.45,2445.6,Cocoa,CC=F
2022-07-07,2305.0,2305.0,2305.0,2305.0,,0,,,2350.95,2443.06,Cocoa,CC=F
2022-07-08,2269.0,2269.0,2269.0,2269.0,,0,,,2341.5,2437.3,Cocoa,CC=F
2022-07-11,2324.0,2324.0,2324.0,2324.0,,0,,,2336.3,2432.34,Cocoa,CC=F
2022-07-12,2305.0,2305.0,2305.0,2305.0,,0,,,2332.3,2426.42,Cocoa,CC=F
2022-07-13,2254.0,2254.0,2254.0,2254.0,,0,,,2328.3,2419.56,Cocoa,CC=F
2022-07-14,2198.0,2198.0,2198.0,2198.0,,38248,,,2321.9,2410.88,Cocoa,CC=F
2022-07-15,2251.0,2329.0,2251.0,2321.0,,23699,,,2321.35,2405.0,Cocoa,CC=F
2022-07-18,2335.0,2343.0,2297.0,2329.0,,16540,,,2321.35,2399.82,Cocoa,CC=F
2022-07-19,2323.0,2354.0,2303.0,2347.0,,16275,,,2319.35,2396.38,Cocoa,CC=F
2022-07-20,2353.0,2387.0,2351.0,2368.0,,22889,,,2316.95,2393.74,Cocoa,CC=F
2022-07-21,2350.0,2352.0,2294.0,2304.0,,22930,,,2312.2,2390.16,Cocoa,CC=F
2022-07-22,2299.0,2320.0,2287.0,2297.0,,16258,,,2308.1,2386.64,Cocoa,CC=F
2022-07-25,2297.0,2379.0,2285.0,2376.0,,31694,,,2307.85,2383.82,Cocoa,CC=F
2022-07-26,2380.0,2409.0,2375.0,2400.0,,31079,,,2309.8,2382.6,Cocoa,CC=F
2022-07-27,2398.0,2410.0,2338.0,2355.0,,24579,,,2309.9,2380.04,Cocoa,CC=F
2022-07-28,2380.0,2391.0,2312.0,2317.0,,24415,,,2309.9,2376.28,Cocoa,CC=F
2022-07-29,2319.0,2341.0,2296.0,2323.0,,27827,,,2311.5,2372.48,Cocoa,CC=F
2022-08-01,2328.0,2355.0,2312.0,2339.0,,24764,,,2315.2,2369.86,Cocoa,CC=F
2022-08-02,2339.0,2370.0,2323.0,2340.0,,23060,,,2318.9,2367.52,Cocoa,CC=F
2022-08-03,2325.0,2332.0,2269.0,2281.0,,31190,,,2317.6,2364.56,Cocoa,CC=F
2022-08-04,2273.0,2359.0,2259.0,2349.0,,53011,,,2319.8,2362.52,Cocoa,CC=F
2022-08-05,2350.0,2370.0,2300.0,2305.0,,56028,,,2321.6,2359.8,Cocoa,CC=F
2022-08-08,2306.0,2350.0,2299.0,2340.0,,35615,,,2322.4,2358.46,Cocoa,CC=F
2022-08-09,2345.0,2370.0,2322.0,2363.0,,42015,,,2325.3,2356.44,Cocoa,CC=F
2022-08-10,2352.0,2422.0,2352.0,2398.0,,35019,,,2332.5,2355.16,Cocoa,CC=F
2022-08-11,2412.0,2430.0,2390.0,2409.0,,21906,,,2343.05,2353.42,Cocoa,CC=F
2022-08-12,2392.0,2392.0,2341.0,2352.0,,11214,,,2344.6,2349.98,Cocoa,CC=F
2022-08-15,2358.0,2380.0,2347.0,2360.0,,5571,,,2346.15,2347.48,Cocoa,CC=F
2022-08-16,2341.0,2352.0,2318.0,2333.0,,9446,,,2345.45,2344.76,Cocoa,CC=F
2022-08-17,2333.0,2417.0,2320.0,2400.0,,11775,,,2347.05,2343.0,Cocoa,CC=F
2022-08-18,2400.0,2433.0,2382.0,2402.0,,5333,,,2351.95,2341.54,Cocoa,CC=F
2022-08-19,2376.0,2399.0,2357.0,2362.0,,5078,,,2355.2,2339.62,Cocoa,CC=F
2022-08-22,2366.0,2388.0,2331.0,2348.0,,5233,,,2353.8,2338.02,Cocoa,CC=F
2022-08-23,2354.0,2365.0,2297.0,2300.0,,3526,,,2348.8,2336.32,Cocoa,CC=F
2022-08-24,2321.0,2410.0,2288.0,2402.0,,2670,,,2351.15,2337.68,Cocoa,CC=F
2022-08-25,2391.0,2409.0,2390.0,2418.0,,30,,,2356.2,2339.52,Cocoa,CC=F
2022-08-26,2414.0,2414.0,2414.0,2414.0,,0,,,2360.75,2341.16,Cocoa,CC=F
2022-08-29,2366.0,2430.0,2361.0,2429.0,,648,,,2365.25,2343.16,Cocoa,CC=F
2022-08-30,2422.0,2422.0,2422.0,2422.0,,0,,,2369.35,2343.86,Cocoa,CC=F
2022-08-31,2427.0,2427.0,2427.0,2427.0,,0,,,2376.65,2344.08,Cocoa,CC=F
2022-09-01,2382.0,2382.0,2382.0,2382.0,,216,,,2378.3,2343.74,Cocoa,CC=F
2022-09-02,2401.0,2404.0,2401.0,2430.0,,3,,,2384.55,2344.76,Cocoa,CC=F
2022-09-06,2438.0,2438.0,2438.0,2383.0,,1,,,2386.7,2344.8,Cocoa,CC=F
2022-09-07,2320.0,2320.0,2320.0,2308.0,,1,,,2383.95,2343.74,Cocoa,CC=F
2022-09-08,2286.0,2286.0,2286.0,2286.0,,0,,,2378.35,2342.4,Cocoa,CC=F
2022-09-09,2360.0,2360.0,2360.0,2360.0,,1,,,2375.9,2343.26,Cocoa,CC=F
2022-09-12,2386.0,2386.0,2386.0,2386.0,,0,,,2377.6,2345.16,Cocoa,CC=F
2022-09-13,2350.0,2350.0,2350.0,2350.0,,0,,,2377.1,2346.86,Cocoa,CC=F
2022-09-14,2394.0,2394.0,2347.0,2347.0,,10,,,2377.8,2348.48,Cocoa,CC=F
2022-09-15,2412.0,2412.0,2412.0,2412.0,,32208,,,2378.4,2350.58,Cocoa,CC=F
2022-09-16,2360.0,2375.0,2328.0,2360.0,,22014,,,2376.3,2351.68,Cocoa,CC=F
2022-09-19,2350.0,2395.0,2344.0,2369.0,,15720,,,2376.65,2353.68,Cocoa,CC=F
2022-09-20,2370.0,2395.0,2340.0,2355.0,,24905,,,2377.0,2354.3,Cocoa,CC=F
2022-09-21,2347.0,2373.0,2335.0,2352.0,,15246,,,2379.6,2355.24,Cocoa,CC=F
2022-09-22,2350.0,2360.0,2316.0,2321.0,,22483,,,2375.55,2356.58,Cocoa,CC=F
2022-09-23,2310.0,2315.0,2242.0,2247.0,,39311,,,2367.0,2357.56,Cocoa,CC=F
2022-09-26,2225.0,2281.0,2192.0,2243.0,,36427,,,2358.45,2356.0,Cocoa,CC=F
2022-09-27,2252.0,2290.0,2241.0,2286.0,,24907,,,2351.3,2355.14,Cocoa,CC=F
2022-09-28,2270.0,2308.0,2248.0,2282.0,,22823,,,2344.3,2353.84,Cocoa,CC=F
2022-09-29,2300.0,2333.0,2299.0,2327.0,,24438,,,2339.3,2353.02,Cocoa,CC=F
2022-09-30,2340.0,2375.0,2330.0,2354.0,,29000,,,2337.9,2354.02,Cocoa,CC=F
2022-10-03,2358.0,2377.0,2321.0,2337.0,,30032,,,2333.25,2354.82,Cocoa,CC=F
2022-10-04,2334.0,2382.0,2325.0,2360.0,,31025,,,2332.1,2354.5,Cocoa,CC=F
2022-10-05,2368.0,2403.0,2364.0,2392.0,,36060,,,2336.3,2354.34,Cocoa,CC=F
2022-10-06,2402.0,2422.0,2367.0,2373.0,,33720,,,2340.65,2354.7,Cocoa,CC=F
2022-10-07,2390.0,2405.0,2373.0,2396.0,,22395,,,2342.45,2356.28,Cocoa,CC=F
2022-10-10,2395.0,2412.0,2356.0,2358.0,,23849,,,2341.05,2356.98,Cocoa,CC=F
2022-10-11,2353.0,2388.0,2342.0,2347.0,,23896,,,2340.9,2357.14,Cocoa,CC=F
2022-10-12,2349.0,2362.0,2312.0,2318.0,,23697,,,2339.45,2356.7,Cocoa,CC=F
2022-10-13,2316.0,2388.0,2309.0,2385.0,,31660,,,2338.1,2358.78,Cocoa,CC=F
2022-10-14,2388.0,2407.0,2371.0,2377.0,,26338,,,2338.95,2359.34,Cocoa,CC=F
2022-10-17,2366.0,2395.0,2322.0,2340.0,,33767,,,2337.5,2360.04,Cocoa,CC=F
2022-10-18,2338.0,2343.0,2303.0,2305.0,,27372,,,2335.0,2359.34,Cocoa,CC=F
2022-10-19,2304.0,2313.0,2275.0,2308.0,,28388,,,2332.8,2358.24,Cocoa,CC=F
2022-10-20,2305.0,2333.0,2300.0,2328.0,,18246,,,2333.15,2356.84,Cocoa,CC=F
2022-10-21,2308.0,2319.0,2287.0,2306.0,,17004,,,2336.1,2354.78,Cocoa,CC=F
2022-10-24,2320.0,2348.0,2317.0,2337.0,,21134,,,2340.8,2354.48,Cocoa,CC=F
2022-10-25,2323.0,2328.0,2279.0,2296.0,,28507,,,2341.3,2353.2,Cocoa,CC=F
2022-10-26,2295.0,2321.0,2275.0,2278.0,,25370,,,2341.1,2352.1,Cocoa,CC=F
2022-10-27,2284.0,2324.0,2279.0,2314.0,,22134,,,2340.45,2350.38,Cocoa,CC=F
2022-10-28,2303.0,2330.0,2287.0,2302.0,,24582,,,2337.85,2348.38,Cocoa,CC=F
2022-10-31,2297.0,2355.0,2295.0,2335.0,,27986,,,2337.75,2347.84,Cocoa,CC=F
2022-11-01,2339.0,2354.0,2317.0,2348.0,,24453,,,2337.15,2347.84,Cocoa,CC=F
2022-11-02,2355.0,2390.0,2353.0,2379.0,,30594,,,2336.5,2349.42,Cocoa,CC=F
2022-11-03,2362.0,2382.0,2349.0,2372.0,,24762,,,2336.45,2348.82,Cocoa,CC=F
2022-11-04,2388.0,2459.0,2378.0,2434.0,,50005,,,2338.35,2349.14,Cocoa,CC=F
2022-11-07,2442.0,2523.0,2436.0,2506.0,,81381,,,2345.75,2350.98,Cocoa,CC=F
2022-11-08,2516.0,2541.0,2494.0,2537.0,,45288,,,2355.25,2353.14,Cocoa,CC=F
2022-11-09,2506.0,2549.0,2506.0,2532.0,,26406,,,2365.95,2355.34,Cocoa,CC=F
2022-11-10,2530.0,2572.0,2515.0,2558.0,,14721,,,2374.6,2357.96,Cocoa,CC=F
2022-11-11,2568.0,2580.0,2510.0,2520.0,,13933,,,2381.75,2360.72,Cocoa,CC=F
2022-11-14,2504.0,2517.0,2487.0,2497.0,,14382,,,2389.6,2362.06,Cocoa,CC=F
2022-11-15,2498.0,2559.0,2497.0,2500.0,,8685,,,2399.35,2364.4,Cocoa,CC=F
2022-11-16,2500.0,2515.0,2477.0,2503.0,,5898,,,2409.1,2368.3,Cocoa,CC=F
2022-11-17,2495.0,2497.0,2425.0,2428.0,,12726,,,2414.1,2371.14,Cocoa,CC=F
2022-11-18,2446.0,2453.0,2392.0,2412.0,,8689,,,2419.4,2372.18,Cocoa,CC=F
2022-11-21,2403.0,2415.0,2358.0,2387.0,,3670,,,2421.9,2372.2,Cocoa,CC=F
2022-11-22,2390.0,2410.0,2364.0,2381.0,,2125,,,2426.15,2372.82,Cocoa,CC=F
2022-11-23,2380.0,2403.0,2380.0,2397.0,,9,,,2432.1,2373.82,Cocoa,CC=F
2022-11-25,2422.0,2428.0,2389.0,2437.0,,27,,,2438.25,2374.32,Cocoa,CC=F
2022-11-28,2435.0,2446.0,2435.0,2438.0,,3,,,2445.05,2375.88,Cocoa,CC=F
2022-11-29,2433.0,2433.0,2433.0,2433.0,,0,,,2449.95,2377.16,Cocoa,CC=F
2022-11-30,2451.0,2451.0,2451.0,2451.0,,0,,,2455.1,2379.08,Cocoa,CC=F
2022-12-01,2472.0,2472.0,2472.0,2472.0,,0,,,2459.75,2381.48,Cocoa,CC=F
2022-12-02,2497.0,2497.0,2497.0,2489.0,,4,,,2465.6,2384.84,Cocoa,CC=F
2022-12-05,2432.0,2432.0,2432.0,2432.0,,7,,,2465.5,2388.54,Cocoa,CC=F
2022-12-06,2437.0,2437.0,2437.0,2437.0,,0,,,2462.05,2392.42,Cocoa,CC=F
2022-12-07,2456.0,2456.0,2456.0,2442.0,,1,,,2457.3,2395.54,Cocoa,CC=F
2022-12-08,2492.0,2492.0,2492.0,2492.0,,0,,,2455.3,2399.74,Cocoa,CC=F
2022-12-09,2454.0,2454.0,2454.0,2454.0,,0,,,2450.1,2402.28,Cocoa,CC=F
2022-12-12,2452.0,2452.0,2452.0,2452.0,,0,,,2446.7,2404.24,Cocoa,CC=F
2022-12-13,2491.0,2491.0,2491.0,2491.0,,0,,,2446.4,2407.32,Cocoa,CC=F
2022-12-14,2474.0,2474.0,2474.0,2474.0,,16487,,,2445.1,2409.6,Cocoa,CC=F
2022-12-15,2520.0,2544.0,2509.0,2517.0,,15074,,,2445.8,2412.1,Cocoa,CC=F
2022-12-16,2510.0,2517.0,2468.0,2475.0,,22067,,,2448.15,2414.14,Cocoa,CC=F
2022-12-19,2474.0,2519.0,2469.0,2499.0,,17815,,,2452.5,2416.2,Cocoa,CC=F
2022-12-20,2496.0,2532.0,2487.0,2498.0,,19135,,,2458.05,2419.0,Cocoa,CC=F
2022-12-21,2498.0,2537.0,2485.0,2529.0,,18703,,,2465.45,2422.64,Cocoa,CC=F
2022-12-22,2534.0,2626.0,2524.0,2606.0,,36692,,,2475.9,2428.4,Cocoa,CC=F
2022-12-23,2613.0,2651.0,2609.0,2628.0,,26051,,,2485.45,2433.26,Cocoa,CC=F
2022-12-27,2630.0,2662.0,2616.0,2633.0,,16555,,,2495.2,2438.38,Cocoa,CC=F
2022-12-28,2624.0,2671.0,2604.0,2621.0,,20880,,,2504.6,2444.0,Cocoa,CC=F
2022-12-29,2610.0,2614.0,2562.0,2578.0,,19317,,,2510.95,2449.46,Cocoa,CC=F
2022-12-30,2587.0,2606.0,2569.0,2600.0,,14616,,,2517.35,2455.3,Cocoa,CC=F
2023-01-03,2587.0,2594.0,2535.0,2572.0,,24327,,,2521.5,2460.18,Cocoa,CC=F
2023-01-04,2574.0,2614.0,2566.0,2603.0,,16842,,,2530.05,2466.12,Cocoa,CC=F
2023-01-05,2607.0,2640.0,2602.0,2617.0,,21327,,,2539.05,2471.72,Cocoa,CC=F
2023-01-06,2616.0,2618.0,2572.0,2605.0,,20198,,,2547.2,2477.9,Cocoa,CC=F
2023-01-09,2623.0,2699.0,2621.0,2690.0,,30613,,,2557.1,2486.14,Cocoa,CC=F
2023-01-10,2686.0,2686.0,2602.0,2604.0,,32095,,,2564.6,2491.94,Cocoa,CC=F
2023-01-11,2602.0,2641.0,2593.0,2633.0,,19499,,,2573.65,2498.56,Cocoa,CC=F
2023-01-12,2641.0,2665.0,2620.0,2640.0,,15749,,,2581.1,2504.66,Cocoa,CC=F
2023-01-13,2651.0,2669.0,2631.0,2651.0,,16025,,,2589.95,2510.72,Cocoa,CC=F
2023-01-17,2642.0,2675.0,2621.0,2641.0,,23486,,,2596.15,2515.96,Cocoa,CC=F
2023-01-18,2650.0,2665.0,2616.0,2620.0,,19652,,,2603.4,2520.92,Cocoa,CC=F
2023-01-19,2610.0,2616.0,2562.0,2570.0,,29885,,,2606.95,2523.64,Cocoa,CC=F
2023-01-20,2556.0,2576.0,2507.0,2569.0,,43770,,,2610.5,2524.9,Cocoa,CC=F
2023-01-23,2573.0,2626.0,2564.0,2608.0,,25402,,,2614.45,2526.32,Cocoa,CC=F
2023-01-24,2596.0,2615.0,2576.0,2585.0,,17767,,,2613.4,2527.38,Cocoa,CC=F
2023-01-25,2596.0,2614.0,2579.0,2592.0,,16674,,,2611.6,2528.06,Cocoa,CC=F
2023-01-26,2597.0,2645.0,2596.0,2629.0,,18023,,,2611.4,2530.24,Cocoa,CC=F
2023-01-27,2618.0,2640.0,2612.0,2627.0,,14661,,,2611.7,2532.84,Cocoa,CC=F
2023-01-30,2627.0,2656.0,2591.0,2611.0,,22436,,,2613.35,2535.06,Cocoa,CC=F
2023-01-31,2606.0,2607.0,2570.0,2581.0,,26849,,,2612.4,2536.62,Cocoa,CC=F
2023-02-01,2572.0,2630.0,2570.0,2592.0,,25952,,,2613.4,2539.9,Cocoa,CC=F
2023-02-02,2587.0,2610.0,2577.0,2583.0,,21039,,,2612.4,2543.32,Cocoa,CC=F
2023-02-03,2580.0,2580.0,2540.0,2569.0,,32303,,,2610.0,2546.96,Cocoa,CC=F
2023-02-06,2569.0,2595.0,2546.0,2577.0,,29965,,,2608.6,2550.88,Cocoa,CC=F
2023-02-07,2576.0,2589.0,2544.0,2581.0,,38591,,,2603.15,2554.56,Cocoa,CC=F
2023-02-08,2592.0,2602.0,2570.0,2579.0,,26281,,,2601.9,2557.4,Cocoa,CC=F
2023-02-09,2573.0,2599.0,2546.0,2578.0,,13699,,,2599.15,2560.2,Cocoa,CC=F
2023-02-10,2575.0,2587.0,2530.0,2564.0,,9361,,,2595.35,2562.82,Cocoa,CC=F
2023-02-13,2583.0,2634.0,2580.0,2621.0,,9413,,,2593.85,2566.22,Cocoa,CC=F
2023-02-14,2630.0,2660.0,2605.0,2621.0,,5301,,,2592.85,2569.2,Cocoa,CC=F
2023-02-15,2653.0,2730.0,2646.0,2692.0,,7386,,,2596.45,2573.26,Cocoa,CC=F
2023-02-16,2702.0,2735.0,2674.0,2700.0,,6288,,,2602.95,2578.62,Cocoa,CC=F
2023-02-17,2715.0,2750.0,2710.0,2722.0,,4353,,,2610.6,2584.32,Cocoa,CC=F
2023-02-21,2738.0,2760.0,2717.0,2732.0,,6287,,,2616.8,2590.12,Cocoa,CC=F
2023-02-22,2735.0,2766.0,2735.0,2738.0,,38,,,2624.45,2595.04,Cocoa,CC=F
2023-02-23,2744.0,2744.0,2740.0,2729.0,,380,,,2631.3,2600.54,Cocoa,CC=F
2023-02-24,2716.0,2716.0,2709.0,2707.0,,4,,,2635.2,2605.64,Cocoa,CC=F
2023-02-27,2715.0,2715.0,2715.0,2715.0,,2,,,2639.6,2610.12,Cocoa,CC=F
2023-02-28,2748.0,2748.0,2748.0,2748.0,,0,,,2646.45,2615.6,Cocoa,CC=F
2023-03-01,2830.0,2831.0,2830.0,2800.0,,2,,,2657.4,2621.26,Cocoa,CC=F
2023-03-02,2769.0,2815.0,2730.0,2760.0,,57,,,2665.8,2626.96,Cocoa,CC=F
2023-03-03,2744.0,2749.0,2720.0,2730.0,,4,,,2673.15,2631.58,Cocoa,CC=F
2023-03-06,2761.0,2761.0,2761.0,2761.0,,0,,,2682.75,2636.84,Cocoa,CC=F
2023-03-07,2726.0,2726.0,2726.0,2726.0,,0,,,2690.2,2640.78,Cocoa,CC=F
2023-03-08,2705.0,2705.0,2705.0,2699.0,,1,,,2696.1,2642.64,Cocoa,CC=F
2023-03-09,2699.0,2700.0,2697.0,2702.0,,21,,,2702.25,2644.12,Cocoa,CC=F
2023-03-10,2675.0,2678.0,2638.0,2674.0,,4,,,2707.05,2644.94,Cocoa,CC=F
2023-03-13,2613.0,2613.0,2613.0,2613.0,,0,,,2709.5,2644.78,Cocoa,CC=F
2023-03-14,2606.0,2606.0,2600.0,2628.0,,5,,,2709.85,2645.78,Cocoa,CC=F
2023-03-15,2586.0,2586.0,2586.0,2586.0,,0,,,2708.1,2645.5,Cocoa,CC=F
2023-03-16,2658.0,2658.0,2658.0,2658.0,,35894,,,2706.4,2647.22,Cocoa,CC=F
2023-03-17,2695.0,2746.0,2695.0,2738.0,,32963,,,2708.3,2649.92,Cocoa,CC=F
2023-03-20,2715.0,2796.0,2713.0,2785.0,,33309,,,2711.45,2653.28,Cocoa,CC=F
2023-03-21,2788.0,2823.0,2781.0,2817.0,,32438,,,2715.7,2657.52,Cocoa,CC=F
2023-03-22,2816.0,2878.0,2816.0,2874.0,,39680,,,2722.5,2661.2,Cocoa,CC=F
2023-03-23,2873.0,2888.0,2843.0,2868.0,,34475,,,2729.45,2666.48,Cocoa,CC=F
2023-03-24,2851.0,2892.0,2849.0,2884.0,,25486,,,2738.3,2671.5,Cocoa,CC=F
2023-03-27,2881.0,2923.0,2867.0,2902.0,,28448,,,2747.65,2676.74,Cocoa,CC=F
2023-03-28,2903.0,2922.0,2888.0,2901.0,,23740,,,2755.3,2681.74,Cocoa,CC=F
2023-03-29,2900.0,2903.0,2874.0,2880.0,,21729,,,2759.3,2686.52,Cocoa,CC=F
2023-03-30,2873.0,2927.0,2848.0,2917.0,,36611,,,2767.15,2692.46,Cocoa,CC=F
2023-03-31,2917.0,2963.0,2905.0,2933.0,,29946,,,2777.3,2699.72,Cocoa,CC=F
2023-04-03,2927.0,2929.0,2851.0,2868.0,,35388,,,2782.65,2705.7,Cocoa,CC=F
2023-04-04,2867.0,2925.0,2858.0,2914.0,,40763,,,2792.05,2711.82,Cocoa,CC=F
2023-04-05,2921.0,2922.0,2886.0,2903.0,,36591,,,2802.25,2718.18,Cocoa,CC=F
2023-04-06,2919.0,2936.0,2902.0,2919.0,,0,,,2813.1,2724.72,Cocoa,CC=F
2023-04-10,2919.0,2934.0,2864.0,2922.0,,28419,,,2825.5,2730.58,Cocoa,CC=F
2023-04-11,2923.0,2994.0,2920.0,2985.0,,45874,,,2844.1,2737.74,Cocoa,CC=F
2023-04-12,2978.0,2998.0,2941.0,2954.0,,21048,,,2860.4,2744.6,Cocoa,CC=F
2023-04-13,2982.0,3017.0,2960.0,3002.0,,13414,,,2881.2,2753.02,Cocoa,CC=F
2023-04-14,3002.0,3043.0,2964.0,2984.0,,11071,,,2897.5,2760.86,Cocoa,CC=F
2023-04-17,2979.0,3013.0,2974.0,3003.0,,9765,,,2910.75,2769.26,Cocoa,CC=F
2023-04-18,3015.0,3072.0,2991.0,3054.0,,9881,,,2924.2,2778.96,Cocoa,CC=F
2023-04-19,3066.0,3085.0,3038.0,3079.0,,9114,,,2937.3,2789.0,Cocoa,CC=F
2023-04-20,3079.0,3103.0,3057.0,3087.0,,8693,,,2947.95,2799.12,Cocoa,CC=F
2023-04-21,3103.0,3221.0,3074.0,3171.0,,3086,,,2963.1,2810.96,Cocoa,CC=F
2023-04-24,3207.0,3209.0,3152.0,3203.0,,107,,,2979.05,2823.46,Cocoa,CC=F
2023-04-25,3200.0,3200.0,3117.0,3149.0,,41,,,2991.4,2835.16,Cocoa,CC=F
2023-04-26,3165.0,3189.0,3164.0,3176.0,,18,,,3005.15,2846.26,Cocoa,CC=F
2023-04-27,3171.0,3171.0,3171.0,3150.0,,7,,,3018.65,2856.84,Cocoa,CC=F
2023-04-28,3137.0,3178.0,3137.0,3174.0,,13,,,3031.5,2866.48,Cocoa,CC=F
2023-05-01,3200.0,3200.0,3200.0,3171.0,,24,,,3043.4,2875.9,Cocoa,CC=F
2023-05-02,3125.0,3125.0,3125.0,3130.0,,8,,,3056.5,2884.06,Cocoa,CC=F
2023-05-03,3100.0,3101.0,2988.0,3014.0,,36,,,3061.5,2889.7,Cocoa,CC=F
2023-05-04,3052.0,3052.0,3052.0,3052.0,,0,,,3068.95,2895.98,Cocoa,CC=F
2023-05-05,3109.0,3109.0,3109.0,3109.0,,0,,,3078.45,2903.58,Cocoa,CC=F
2023-05-08,3188.0,3195.0,3178.0,3179.0,,4,,,3091.3,2913.02,Cocoa,CC=F
2023-05-09,3235.0,3242.0,3235.0,3229.0,,10,,,3103.5,2923.3,Cocoa,CC=F
2023-05-10,3269.0,3277.0,3263.0,3260.0,,11,,,3118.8,2933.54,Cocoa,CC=F
2023-05-11,3269.0,3269.0,3200.0,3242.0,,8,,,3130.8,2942.38,Cocoa,CC=F
2023-05-12,3244.0,3279.0,3244.0,3226.0,,49,,,3142.9,2951.7,Cocoa,CC=F
2023-05-15,3160.0,3160.0,3160.0,3160.0,,21300,,,3150.75,2960.3,Cocoa,CC=F
2023-05-16,2980.0,3008.0,2974.0,2995.0,,19384,,,3147.8,2964.98,Cocoa,CC=F
2023-05-17,2989.0,3012.0,2968.0,3000.0,,14464,,,3143.85,2970.46,Cocoa,CC=F
2023-05-18,3000.0,3030.0,2985.0,2991.0,,21182,,,3139.05,2976.3,Cocoa,CC=F
2023-05-19,2988.0,3074.0,2971.0,3068.0,,31231,,,3133.9,2983.62,Cocoa,CC=F
2023-05-22,3074.0,3079.0,3019.0,3023.0,,24531,,,3124.9,2990.6,Cocoa,CC=F
2023-05-23,3021.0,3049.0,3009.0,3016.0,,16988,,,3118.25,2998.66,Cocoa,CC=F
2023-05-24,3010.0,3034.0,2985.0,3010.0,,19258,,,3109.95,3006.3,Cocoa,CC=F
2023-05-25,3008.0,3028.0,2992.0,3017.0,,16176,,,3103.3,3014.92,Cocoa,CC=F
2023-05-26,3017.0,3038.0,2988.0,2991.0,,26105,,,3094.15,3021.58,Cocoa,CC=F
2023-05-30,2991.0,3028.0,2991.0,3005.0,,19322,,,3085.85,3026.92,Cocoa,CC=F
2023-05-31,3000.0,3031.0,2993.0,3007.0,,26454,,,3079.7,3031.36,Cocoa,CC=F
2023-06-01,3017.0,3047.0,3002.0,3008.0,,34422,,,3079.4,3035.18,Cocoa,CC=F
2023-06-02,3003.0,3034.0,2991.0,3026.0,,25530,,,3078.1,3038.22,Cocoa,CC=F
2023-06-05,3020.0,3065.0,3002.0,3056.0,,28784,,,3075.45,3041.98,Cocoa,CC=F
2023-06-06,3063.0,3096.0,3040.0,3045.0,,52105,,,3068.75,3045.2,Cocoa,CC=F
2023-06-07,3038.0,3109.0,3028.0,3103.0,,43640,,,3062.45,3049.22,Cocoa,CC=F
2023-06-08,3104.0,3169.0,3090.0,3149.0,,26981,,,3056.9,3054.18,Cocoa,CC=F
2023-06-09,3162.0,3182.0,3142.0,3180.0,,27194,,,3053.8,3060.18,Cocoa,CC=F
2023-06-12,3170.0,3188.0,3129.0,3136.0,,17951,,,3049.3,3064.56,Cocoa,CC=F
2023-06-13,3141.0,3261.0,3141.0,3186.0,,20201,,,3050.6,3069.62,Cocoa,CC=F
2023-06-14,3182.0,3225.0,3142.0,3189.0,,22385,,,3060.3,3076.04,Cocoa,CC=F
2023-06-15,3200.0,3236.0,3164.0,3226.0,,7851,,,3071.6,3082.28,Cocoa,CC=F
2023-06-16,3218.0,3228.0,3171.0,3188.0,,5721,,,3081.45,3087.98,Cocoa,CC=F
2023-06-20,3192.0,3192.0,3129.0,3142.0,,12149,,,3085.15,3092.44,Cocoa,CC=F
2023-06-21,3131.0,3182.0,3104.0,3164.0,,4001,,,3092.2,3097.28,Cocoa,CC=F
2023-06-22,3157.0,3166.0,3128.0,3138.0,,1663,,,3098.3,3100.34,Cocoa,CC=F
2023-06-23,3122.0,3147.0,3109.0,3123.0,,2119,,,3103.95,3103.72,Cocoa,CC=F
2023-06-26,3150.0,3233.0,3150.0,3206.0,,21,,,3113.4,3107.8,Cocoa,CC=F
2023-06-27,3217.0,3217.0,3209.0,3212.0,,11,,,3124.45,3112.36,Cocoa,CC=F
2023-06-28,3242.0,3258.0,3237.0,3292.0,,19,,,3138.8,3118.14,Cocoa,CC=F
2023-06-29,3253.0,3253.0,3253.0,3218.0,,3,,,3149.35,3121.42,Cocoa,CC=F
2023-06-30,3324.0,3324.0,3324.0,3318.0,,2,,,3164.85,3126.2,Cocoa,CC=F
2023-07-03,3306.0,3306.0,3306.0,3364.0,,1,,,3181.75,3131.74,Cocoa,CC=F
2023-07-05,3341.0,3356.0,3323.0,3334.0,,42,,,3195.65,3135.0,Cocoa,CC=F
2023-07-06,3277.0,3277.0,3277.0,3277.0,,0,,,3207.25,3136.48,Cocoa,CC=F
2023-07-07,3290.0,3290.0,3290.0,3274.0,,3,,,3215.8,3138.98,Cocoa,CC=F
2023-07-10,3309.0,3309.0,3290.0,3299.0,,2,,,3223.3,3141.44,Cocoa,CC=F
2023-07-11,3296.0,3296.0,3296.0,3296.0,,0,,,3229.1,3144.36,Cocoa,CC=F
2023-07-12,3293.0,3305.0,3293.0,3299.0,,19,,,3237.25,3146.86,Cocoa,CC=F
2023-07-13,3268.0,3268.0,3230.0,3232.0,,8,,,3239.55,3148.08,Cocoa,CC=F
2023-07-14,3307.0,3307.0,3307.0,3307.0,,35464,,,3245.45,3151.62,Cocoa,CC=F
2023-07-17,3351.0,3374.0,3323.0,3359.0,,18464,,,3252.1,3158.52,Cocoa,CC=F
2023-07-18,3371.0,3429.0,3343.0,3407.0,,23093,,,3263.05,3165.62,Cocoa,CC=F
2023-07-19,3400.0,3439.0,3382.0,3433.0,,21683,,,3277.6,3172.1,Cocoa,CC=F
2023-07-20,3410.0,3420.0,3373.0,3388.0,,18330,,,3288.8,3176.28,Cocoa,CC=F
2023-07-21,3368.0,3427.0,3360.0,3415.0,,17637,,,3302.65,3180.0,Cocoa,CC=F
2023-07-24,3410.0,3425.0,3391.0,3417.0,,13588,,,3317.35,3183.14,Cocoa,CC=F
2023-07-25,3427.0,3519.0,3421.0,3470.0,,27274,,,3330.55,3187.7,Cocoa,CC=F
2023-07-26,3470.0,3569.0,3464.0,3552.0,,40035,,,3347.55,3194.22,Cocoa,CC=F
2023-07-27,3580.0,3602.0,3502.0,3529.0,,23786,,,3359.4,3201.6,Cocoa,CC=F
2023-07-28,3549.0,3562.0,3518.0,3525.0,,14059,,,3374.75,3212.2,Cocoa,CC=F
2023-07-31,3527.0,3569.0,3523.0,3548.0,,19202,,,3386.25,3223.16,Cocoa,CC=F
2023-08-01,3551.0,3578.0,3507.0,3543.0,,29107,,,3395.2,3234.2,Cocoa,CC=F
2023-08-02,3538.0,3582.0,3530.0,3562.0,,28982,,,3406.6,3244.08,Cocoa,CC=F
2023-08-03,3550.0,3559.0,3484.0,3491.0,,33437,,,3417.3,3253.44,Cocoa,CC=F
2023-08-04,3486.0,3551.0,3485.0,3510.0,,39427,,,3429.1,3263.32,Cocoa,CC=F
2023-08-07,3498.0,3652.0,3430.0,3476.0,,79742,,,3437.95,3272.64,Cocoa,CC=F
2023-08-08,3456.0,3456.0,3266.0,3333.0,,44561,,,3439.8,3278.96,Cocoa,CC=F
2023-08-09,3342.0,3368.0,3278.0,3319.0,,22758,,,3440.8,3285.52,Cocoa,CC=F
2023-08-10,3299.0,3316.0,3237.0,3282.0,,22965,,,3443.3,3291.06,Cocoa,CC=F
2023-08-11,3264.0,3311.0,3245.0,3297.0,,13733,,,3442.8,3296.86,Cocoa,CC=F
2023-08-14,3305.0,3343.0,3293.0,3321.0,,6923,,,3440.9,3303.12,Cocoa,CC=F
2023-08-15,3308.0,3376.0,3305.0,3340.0,,5144,,,3437.55,3309.4,Cocoa,CC=F
2023-08-16,3336.0,3381.0,3324.0,3372.0,,7301,,,3434.5,3315.72,Cocoa,CC=F
2023-08-17,3382.0,3440.0,3382.0,3413.0,,3819,,,3435.75,3323.08,Cocoa,CC=F
2023-08-18,3410.0,3410.0,3354.0,3366.0,,3650,,,3433.3,3328.34,Cocoa,CC=F
2023-08-21,3355.0,3409.0,3338.0,3355.0,,2056,,,3430.2,3332.46,Cocoa,CC=F
2023-08-22,3368.0,3375.0,3311.0,3329.0,,3368,,,3423.15,3335.44,Cocoa,CC=F
2023-08-23,3328.0,3347.0,3301.0,3323.0,,2122,,,3411.7,3339.18,Cocoa,CC=F
2023-08-24,3328.0,3399.0,3298.0,3363.0,,4359,,,3403.4,3342.72,Cocoa,CC=F
2023-08-25,3439.0,3440.0,3437.0,3430.0,,47,,,3398.65,3347.54,Cocoa,CC=F
2023-08-28,3465.0,3465.0,3444.0,3442.0,,6,,,3393.35,3351.86,Cocoa,CC=F
2023-08-29,3525.0,3549.0,3525.0,3555.0,,5,,,3393.95,3359.2,Cocoa,CC=F
2023-08-30,3576.0,3576.0,3576.0,3606.0,,2,,,3396.15,3368.48,Cocoa,CC=F
2023-08-31,3633.0,3633.0,3633.0,3602.0,,1,,,3401.7,3377.24,Cocoa,CC=F
2023-09-01,3626.0,3626.0,3575.0,3574.0,,7,,,3404.9,3385.96,Cocoa,CC=F
2023-09-05,3638.0,3638.0,3595.0,3560.0,,83,,,3409.1,3394.7,Cocoa,CC=F
2023-09-06,3577.0,3577.0,3577.0,3577.0,,1,,,3421.3,3402.12,Cocoa,CC=F
2023-09-07,3565.0,3591.0,3565.0,3573.0,,6,,,3434.0,3409.34,Cocoa,CC=F
2023-09-08,3624.0,3625.0,3610.0,3609.0,,19,,,3450.35,3415.68,Cocoa,CC=F
2023-09-11,3618.0,3618.0,3618.0,3611.0,,5,,,3466.05,3423.54,Cocoa,CC=F
2023-09-12,3650.0,3808.0,3650.0,3772.0,,22,,,3488.6,3432.62,Cocoa,CC=F
2023-09-13,3853.0,3874.0,3853.0,3849.0,,3,,,3514.05,3442.32,Cocoa,CC=F
2023-09-14,3853.0,3853.0,3853.0,3853.0,,17479,,,3538.1,3452.7,Cocoa,CC=F
2023-09-15,3738.0,3763.0,3725.0,3757.0,,14101,,,3555.3,3462.3,Cocoa,CC=F
2023-09-18,3747.0,3754.0,3613.0,3621.0,,29765,,,3568.05,3469.24,Cocoa,CC=F
2023-09-19,3640.0,3688.0,3633.0,3642.0,,22497,,,3582.4,3476.1,Cocoa,CC=F
2023-09-20,3614.0,3625.0,3555.0,3570.0,,25702,,,3594.45,3481.58,Cocoa,CC=F
2023-09-21,3576.0,3609.0,3553.0,3595.0,,21421,,,3608.05,3487.5,Cocoa,CC=F
2023-09-22,3595.0,3643.0,3565.0,3582.0,,20986,,,3619.0,3494.5,Cocoa,CC=F
2023-09-25,3583.0,3583.0,3491.0,3496.0,,23820,,,3622.3,3498.28,Cocoa,CC=F
2023-09-26,3500.0,3539.0,3488.0,3500.0,,19988,,,3625.2,3501.1,Cocoa,CC=F
2023-09-27,3489.0,3489.0,3398.0,3416.0,,32686,,,3618.25,3501.28,Cocoa,CC=F
2023-09-28,3431.0,3471.0,3425.0,3459.0,,23340,,,3610.9,3501.8,Cocoa,CC=F
2023-09-29,3457.0,3484.0,3402.0,3418.0,,25999,,,3601.7,3502.4,Cocoa,CC=F
2023-10-02,3432.0,3525.0,3432.0,3502.0,,27425,,,3598.1,3504.14,Cocoa,CC=F
2023-10-03,3487.0,3508.0,3414.0,3428.0,,22599,,,3591.5,3504.36,Cocoa,CC=F
2023-10-04,3414.0,3453.0,3410.0,3431.0,,15882,,,3584.2,3503.58,Cocoa,CC=F
2023-10-05,3438.0,3445.0,3375.0,3400.0,,22992,,,3575.55,3500.54,Cocoa,CC=F
2023-10-06,3392.0,3469.0,3373.0,3453.0,,22147,,,3567.75,3499.02,Cocoa,CC=F
2023-10-09,3460.0,3465.0,3406.0,3435.0,,14886,,,3558.95,3497.22,Cocoa,CC=F
2023-10-10,3444.0,3479.0,3432.0,3474.0,,15117,,,3544.05,3495.74,Cocoa,CC=F
2023-10-11,3485.0,3490.0,3426.0,3432.0,,14216,,,3523.2,3493.52,Cocoa,CC=F
2023-10-12,3480.0,3503.0,3460.0,3490.0,,19367,,,3505.05,3492.08,Cocoa,CC=F
2023-10-13,3488.0,3514.0,3455.0,3499.0,,17559,,,3492.15,3492.24,Cocoa,CC=F
2023-10-16,3513.0,3613.0,3506.0,3591.0,,30432,,,3490.65,3493.86,Cocoa,CC=F
2023-10-17,3584.0,3642.0,3570.0,3635.0,,20606,,,3490.3,3497.04,Cocoa,CC=F
2023-10-18,3627.0,3672.0,3615.0,3639.0,,23508,,,3493.75,3503.16,Cocoa,CC=F
2023-10-19,3660.0,3700.0,3630.0,3648.0,,21540,,,3496.4,3509.74,Cocoa,CC=F
2023-10-20,3616.0,3710.0,3603.0,3694.0,,20399,,,3502.0,3517.98,Cocoa,CC=F
2023-10-23,3726.0,3786.0,3715.0,3759.0,,20738,,,3515.15,3527.22,Cocoa,CC=F
2023-10-24,3774.0,3778.0,3701.0,3729.0,,23275,,,3526.6,3535.38,Cocoa,CC=F
2023-10-25,3722.0,3781.0,3716.0,3735.0,,19776,,,3542.55,3543.28,Cocoa,CC=F
2023-10-26,3739.0,3837.0,3732.0,3810.0,,22206,,,3560.1,3552.04,Cocoa,CC=F
2023-10-27,3812.0,3871.0,3808.0,3852.0,,22900,,,3581.8,3560.82,Cocoa,CC=F
2023-10-30,3860.0,3880.0,3810.0,3826.0,,16837,,,3598.0,3570.02,Cocoa,CC=F
2023-10-31,3839.0,3874.0,3795.0,3817.0,,22845,,,3617.45,3579.26,Cocoa,CC=F
2023-11-01,3806.0,3825.0,3781.0,3794.0,,16708,,,3635.6,3588.56,Cocoa,CC=F
2023-11-02,3810.0,3867.0,3809.0,3865.0,,19046,,,3658.85,3599.4,Cocoa,CC=F
2023-11-03,3859.0,3906.0,3823.0,3898.0,,25573,,,3681.1,3610.1,Cocoa,CC=F
2023-11-06,3900.0,3954.0,3865.0,3914.0,,45901,,,3705.05,3619.78,Cocoa,CC=F
2023-11-07,3935.0,3969.0,3866.0,3883.0,,34321,,,3725.5,3628.6,Cocoa,CC=F
2023-11-08,3885.0,3933.0,3844.0,3916.0,,35999,,,3749.7,3635.82,Cocoa,CC=F
2023-11-09,3935.0,3974.0,3924.0,3949.0,,19754,,,3772.65,3642.68,Cocoa,CC=F
2023-11-10,3942.0,4012.0,3942.0,3991.0,,18417,,,3797.25,3650.46,Cocoa,CC=F
2023-11-13,3998.0,4060.0,3990.0,4051.0,,12766,,,3820.25,3660.0,Cocoa,CC=F
2023-11-14,4067.0,4110.0,3914.0,3946.0,,21864,,,3835.8,3667.72,Cocoa,CC=F
2023-11-15,3925.0,3969.0,3886.0,3939.0,,10180,,,3850.8,3674.96,Cocoa,CC=F
2023-11-16,3974.0,4040.0,3974.0,4004.0,,7246,,,3868.6,3683.58,Cocoa,CC=F
2023-11-17,4003.0,4091.0,4002.0,4083.0,,8589,,,3888.05,3693.06,Cocoa,CC=F
2023-11-20,4069.0,4099.0,4021.0,4034.0,,10602,,,3901.8,3701.52,Cocoa,CC=F
2023-11-21,4050.0,4267.0,4046.0,4227.0,,9761,,,3926.7,3710.62,Cocoa,CC=F
2023-11-22,4253.0,4260.0,4160.0,4173.0,,713,,,3948.6,3717.1,Cocoa,CC=F
2023-11-24,4251.0,4251.0,4235.0,4219.0,,33,,,3969.05,3724.42,Cocoa,CC=F
2023-11-27,4220.0,4267.0,4220.0,4260.0,,321,,,3989.45,3734.48,Cocoa,CC=F
2023-11-28,4291.0,4381.0,4263.0,4370.0,,86,,,4016.65,3749.46,Cocoa,CC=F
2023-11-29,4375.0,4419.0,4375.0,4438.0,,12,,,4047.7,3765.38,Cocoa,CC=F
2023-11-30,4428.0,4463.0,4428.0,4475.0,,15,,,4081.75,3783.48,Cocoa,CC=F
2023-12-01,4428.0,4428.0,4399.0,4398.0,,14,,,4108.4,3799.54,Cocoa,CC=F
2023-12-04,4253.0,4253.0,4253.0,4271.0,,15,,,4127.05,3813.32,Cocoa,CC=F
2023-12-05,4240.0,4240.0,4240.0,4206.0,,7,,,4141.65,3827.52,Cocoa,CC=F
2023-12-06,4206.0,4230.0,4206.0,4241.0,,39,,,4159.55,3842.34,Cocoa,CC=F
2023-12-07,4366.0,4366.0,4366.0,4340.0,,1,,,4180.75,3860.82,Cocoa,CC=F
2023-12-08,4381.0,4381.0,4381.0,4381.0,,0,,,4202.35,3879.26,Cocoa,CC=F
2023-12-11,4419.0,4419.0,4388.0,4351.0,,5,,,4220.35,3897.92,Cocoa,CC=F
2023-12-12,4478.0,4478.0,4456.0,4375.0,,6,,,4236.55,3915.38,Cocoa,CC=F
2023-12-13,4395.0,4395.0,4395.0,4395.0,,15859,,,4259.0,3934.72,Cocoa,CC=F
2023-12-14,4270.0,4317.0,4237.0,4267.0,,25216,,,4275.4,3951.44,Cocoa,CC=F
2023-12-15,4273.0,4282.0,4231.0,4244.0,,19048,,,4287.4,3968.32,Cocoa,CC=F
2023-12-18,4255.0,4307.0,4241.0,4271.0,,18493,,,4296.8,3984.68,Cocoa,CC=F
2023-12-19,4285.0,4307.0,4254.0,4289.0,,16193,,,4309.55,4001.76,Cocoa,CC=F
2023-12-20,4288.0,4334.0,4271.0,4309.0,,16998,,,4313.65,4018.46,Cocoa,CC=F
2023-12-21,4300.0,4320.0,4267.0,4288.0,,20606,,,4319.4,4035.58,Cocoa,CC=F
2023-12-22,4277.0,4325.0,4275.0,4311.0,,12715,,,4324.0,4052.0,Cocoa,CC=F
2023-12-26,4320.0,4343.0,4276.0,4283.0,,9121,,,4325.15,4067.68,Cocoa,CC=F
2023-12-27,4296.0,4315.0,4277.0,4280.0,,12495,,,4320.65,4081.46,Cocoa,CC=F
2023-12-28,4288.0,4302.0,4235.0,4256.0,,16113,,,4311.55,4093.88,Cocoa,CC=F
2023-12-29,4256.0,4256.0,4193.0,4196.0,,18596,,,4297.6,4105.02,Cocoa,CC=F
2024-01-02,4209.0,4287.0,4200.0,4275.0,,24130,,,4291.45,4117.56,Cocoa,CC=F
2024-01-03,4265.0,4273.0,4204.0,4238.0,,25190,,,4289.8,4128.44,Cocoa,CC=F
2024-01-04,4233.0,4267.0,4232.0,4260.0,,15720,,,4292.5,4138.46,Cocoa,CC=F
2024-01-05,4260.0,4274.0,4194.0,4204.0,,19627,,,4290.65,4147.96,Cocoa,CC=F
2024-01-08,4194.0,4194.0,4034.0,4094.0,,53188,,,4278.35,4155.14,Cocoa,CC=F
2024-01-09,4110.0,4202.0,4092.0,4162.0,,28725,,,4267.4,4162.18,Cocoa,CC=F
2024-01-10,4171.0,4235.0,4156.0,4206.0,,22852,,,4260.15,4169.26,Cocoa,CC=F
2024-01-11,4210.0,4280.0,4199.0,4274.0,,24520,,,4255.1,4178.22,Cocoa,CC=F
2024-01-12,4290.0,4358.0,4285.0,4323.0,,30064,,,4251.5,4188.34,Cocoa,CC=F
2024-01-16,4355.0,4448.0,4321.0,4429.0,,35655,,,4259.6,4201.04,Cocoa,CC=F
2024-01-17,4420.0,4478.0,4406.0,4448.0,,27594,,,4269.8,4212.7,Cocoa,CC=F
2024-01-18,4428.0,4497.0,4415.0,4458.0,,29379,,,4279.15,4223.9,Cocoa,CC=F
2024-01-19,4499.0,4607.0,4479.0,4583.0,,39687,,,4293.85,4237.28,Cocoa,CC=F
2024-01-22,4589.0,4607.0,4529.0,4565.0,,27707,,,4306.65,4250.92,Cocoa,CC=F
2024-01-23,4570.0,4835.0,4570.0,4634.0,,50898,,,4323.95,4265.28,Cocoa,CC=F
2024-01-24,4679.0,4808.0,4658.0,4785.0,,36933,,,4347.65,4282.0,Cocoa,CC=F
2024-01-25,4815.0,4840.0,4610.0,4625.0,,44374,,,4364.75,4294.68,Cocoa,CC=F
2024-01-26,4650.0,4696.0,4614.0,4672.0,,25005,,,4384.35,4307.1,Cocoa,CC=F
2024-01-29,4679.0,4755.0,4632.0,4732.0,,29981,,,4408.15,4322.82,Cocoa,CC=F
2024-01-30,4743.0,4843.0,4712.0,4805.0,,33961,,,4438.6,4340.14,Cocoa,CC=F
2024-01-31,4795.0,4869.0,4770.0,4822.0,,25256,,,4465.95,4356.5,Cocoa,CC=F
2024-02-01,4832.0,4981.0,4828.0,4956.0,,36184,,,4501.85,4373.96,Cocoa,CC=F
2024-02-02,4990.0,5032.0,4939.0,5009.0,,37945,,,4539.3,4393.46,Cocoa,CC=F
2024-02-05,5035.0,5249.0,5010.0,5189.0,,37591,,,4588.55,4412.7,Cocoa,CC=F
2024-02-06,5244.0,5288.0,5133.0,5220.0,,36089,,,4644.85,4433.64,Cocoa,CC=F
2024-02-07,5219.0,5429.0,5194.0,5410.0,,42231,,,4707.25,4457.46,Cocoa,CC=F
2024-02-08,5488.0,5874.0,5451.0,5805.0,,37991,,,4787.2,4488.36,Cocoa,CC=F
2024-02-09,5900.0,6030.0,5528.0,5888.0,,35319,,,4867.9,4518.72,Cocoa,CC=F
2024-02-12,5868.0,5958.0,5773.0,5860.0,,16137,,,4944.75,4547.16,Cocoa,CC=F
2024-02-13,5828.0,6029.0,5815.0,6001.0,,12137,,,5023.35,4577.68,Cocoa,CC=F
2024-02-14,6008.0,6039.0,5812.0,5949.0,,9014,,,5098.4,4608.7,Cocoa,CC=F
2024-02-15,5956.0,6030.0,5888.0,5961.0,,6096,,,5173.55,4642.5,Cocoa,CC=F
2024-02-16,5947.0,5964.0,5689.0,5706.0,,10725,,,5229.7,4672.5,Cocoa,CC=F
2024-02-20,5750.0,6069.0,5750.0,5999.0,,6822,,,5301.4,4707.66,Cocoa,CC=F
2024-02-21,6050.0,6311.0,6022.0,6198.0,,2545,,,5379.6,4744.82,Cocoa,CC=F
2024-02-22,6336.0,6340.0,5961.0,6169.0,,843,,,5448.8,4780.58,Cocoa,CC=F
2024-02-23,6033.0,6750.0,6033.0,6562.0,,83,,,5545.65,4824.8,Cocoa,CC=F
2024-02-26,6765.0,6929.0,6650.0,6884.0,,42,,,5656.25,4874.98,Cocoa,CC=F
2024-02-27,6780.0,6893.0,6743.0,6755.0,,8,,,5757.4,4922.18,Cocoa,CC=F
2024-02-28,6590.0,6590.0,6362.0,6380.0,,7,,,5836.15,4964.44,Cocoa,CC=F
2024-02-29,6413.0,6466.0,6413.0,6510.0,,319,,,5920.55,5009.76,Cocoa,CC=F
2024-03-01,6769.0,6769.0,6769.0,6826.0,,5,,,6014.05,5060.86,Cocoa,CC=F
2024-03-04,7057.0,7057.0,7057.0,7057.0,,0,,,6116.45,5116.22,Cocoa,CC=F
2024-03-05,7000.0,7000.0,7000.0,6970.0,,1,,,6205.5,5169.44,Cocoa,CC=F
2024-03-06,7170.0,7170.0,7170.0,7170.0,,3,,,6303.0,5227.08,Cocoa,CC=F
2024-03-07,7000.0,7000.0,7000.0,7054.0,,1,,,6385.2,5281.94,Cocoa,CC=F
2024-03-08,6928.0,6928.0,6928.0,6997.0,,1,,,6444.8,5336.22,Cocoa,CC=F
2024-03-11,7329.0,7329.0,7329.0,7329.0,,0,,,6516.85,5397.2,Cocoa,CC=F
2024-03-12,7890.0,7974.0,7890.0,8048.0,,8,,,6626.25,5473.04,Cocoa,CC=F
2024-03-13,8034.0,8034.0,8034.0,8034.0,,20260,,,6727.9,5549.8,Cocoa,CC=F
2024-03-14,7185.0,7715.0,7063.0,7405.0,,29410,,,6800.7,5612.4,Cocoa,CC=F
2024-03-15,7435.0,8186.0,7357.0,8018.0,,25580,,,6903.55,5688.0,Cocoa,CC=F
2024-03-18,8179.0,8493.0,7824.0,8172.0,,32655,,,7026.85,5766.24,Cocoa,CC=F
2024-03-19,8188.0,8412.0,7963.0,8027.0,,19138,,,7128.25,5842.7,Cocoa,CC=F
2024-03-20,7920.0,8429.0,7716.0,8324.0,,23723,,,7234.55,5927.3,Cocoa,CC=F
2024-03-21,8395.0,8653.0,8149.0,8559.0,,21272,,,7354.05,6015.24,Cocoa,CC=F
2024-03-22,8573.0,8960.0,8465.0,8939.0,,16403,,,7472.9,6109.9,Cocoa,CC=F
2024-03-25,8921.0,9684.0,8889.0,9649.0,,19698,,,7611.15,6217.4,Cocoa,CC=F
2024-03-26,9847.0,10080.0,9574.0,9622.0,,26263,,,7754.5,6323.38,Cocoa,CC=F
2024-03-27,9509.0,9917.0,9267.0,9843.0,,23291,,,7927.65,6431.66,Cocoa,CC=F
2024-03-28,9906.0,10014.0,9671.0,9766.0,,17953,,,8090.45,6538.02,Cocoa,CC=F
2024-04-01,9720.0,10318.0,9632.0,10120.0,,11594,,,8255.15,6651.26,Cocoa,CC=F
2024-04-02,10186.0,10324.0,9808.0,9949.0,,19824,,,8399.75,6758.58,Cocoa,CC=F
2024-04-03,9858.0,10044.0,9406.0,9524.0,,23087,,,8527.45,6857.76,Cocoa,CC=F
2024-04-04,9389.0,9644.0,9150.0,9462.0,,14914,,,8642.05,6954.32,Cocoa,CC=F
2024-04-05,9668.0,9990.0,9480.0,9795.0,,16993,,,8779.1,7054.52,Cocoa,CC=F
2024-04-08,9953.0,10443.0,9669.0,9895.0,,22946,,,8924.0,7159.92,Cocoa,CC=F
2024-04-09,9717.0,10321.0,9653.0,10204.0,,15144,,,9067.75,7270.56,Cocoa,CC=F
2024-04-10,10300.0,10629.0,10148.0,10411.0,,10866,,,9185.9,7384.14,Cocoa,CC=F
2024-04-11,10445.0,10771.0,10319.0,10373.0,,12639,,,9302.85,7495.5,Cocoa,CC=F
2024-04-12,10400.0,11039.0,10357.0,10987.0,,6464,,,9481.95,7618.8,Cocoa,CC=F
2024-04-15,10884.0,11206.0,10830.0,11001.0,,5550,,,9631.1,7739.7,Cocoa,CC=F
2024-04-16,11063.0,11085.0,9988.0,10243.0,,4386,,,9734.65,7844.38,Cocoa,CC=F
2024-04-17,10173.0,10630.0,10100.0,10340.0,,5414,,,9850.3,7947.4,Cocoa,CC=F
2024-04-18,10620.0,11388.0,10530.0,11311.0,,5542,,,9999.65,8069.22,Cocoa,CC=F
2024-04-19,11504.0,12261.0,11132.0,11878.0,,2808,,,10165.6,8198.58,Cocoa,CC=F
2024-04-22,11967.0,12136.0,10929.0,11166.0,,1652,,,10276.95,8305.8,Cocoa,CC=F
2024-04-23,10803.0,10835.0,10221.0,10584.0,,3530,,,10323.7,8399.72,Cocoa,CC=F
2024-04-24,10835.0,11600.0,10835.0,11043.0,,19,,,10394.75,8503.38,Cocoa,CC=F
2024-04-25,11530.0,11530.0,10800.0,10988.0,,6,,,10452.0,8603.12,Cocoa,CC=F
2024-04-26,10973.0,10975.0,10973.0,10729.0,,8,,,10500.15,8698.72,Cocoa,CC=F
2024-04-29,10327.0,10327.0,9958.0,9983.0,,30,,,10493.3,8779.16,Cocoa,CC=F
2024-04-30,9610.0,10115.0,8651.0,10133.0,,18,,,10502.5,8867.7,Cocoa,CC=F
2024-05-01,9206.0,9206.0,8930.0,9183.0,,15,,,10485.45,8931.38,Cocoa,CC=F
2024-05-02,8750.0,8750.0,8240.0,8483.0,,22,,,10436.5,8977.08,Cocoa,CC=F
2024-05-03,8550.0,8550.0,8513.0,8505.0,,10,,,10372.0,9023.8,Cocoa,CC=F
2024-05-06,8570.0,8570.0,8570.0,8571.0,,4,,,10305.8,9063.98,Cocoa,CC=F
2024-05-07,9593.0,9593.0,9593.0,9593.0,,0,,,10275.25,9118.16,Cocoa,CC=F
2024-05-08,9617.0,9617.0,9617.0,9617.0,,0,,,10235.55,9175.4,Cocoa,CC=F
2024-05-09,9678.0,9678.0,9678.0,9678.0,,0,,,10200.8,9241.36,Cocoa,CC=F
2024-05-10,9874.0,9874.0,9874.0,9874.0,,0,,,10145.15,9308.64,Cocoa,CC=F
2024-05-13,8149.0,8149.0,8149.0,8149.0,,0,,,10002.55,9335.1,Cocoa,CC=F
2024-05-14,9000.0,9000.0,9000.0,8751.0,,1,,,9927.95,9368.98,Cocoa,CC=F
2024-05-15,9066.0,9066.0,9066.0,9066.0,,8426,,,9864.25,9410.9,Cocoa,CC=F
2024-05-16,7896.0,7951.0,7202.0,7393.0,,11580,,,9668.35,9415.36,Cocoa,CC=F
2024-05-17,7350.0,7685.0,7137.0,7348.0,,7907,,,9441.85,9421.24,Cocoa,CC=F
2024-05-20,7277.0,7373.0,6767.0,7216.0,,10261,,,9244.35,9425.62,Cocoa,CC=F
2024-05-21,7077.0,7492.0,6910.0,7394.0,,7994,,,9084.85,9426.92,Cocoa,CC=F
2024-05-22,7372.0,7638.0,7273.0,7536.0,,8462,,,8909.5,9416.68,Cocoa,CC=F
2024-05-23,7423.0,8400.0,7323.0,8109.0,,14084,,,8765.55,9418.18,Cocoa,CC=F
2024-05-24,8219.0,8436.0,7869.0,8294.0,,10974,,,8643.8,9435.96,Cocoa,CC=F
2024-05-28,8200.0,8800.0,7942.0,8780.0,,15093,,,8583.65,9451.2,Cocoa,CC=F
2024-05-29,8730.0,9460.0,8690.0,9309.0,,14757,,,8542.45,9473.94,Cocoa,CC=F
2024-05-30,9278.0,9550.0,9054.0,9257.0,,9201,,,8546.15,9498.54,Cocoa,CC=F
2024-05-31,9242.0,9420.0,9031.0,9331.0,,8033,,,8588.55,9518.68,Cocoa,CC=F
2024-06-03,9331.0,10047.0,9181.0,9775.0,,17665,,,8652.05,9543.0,Cocoa,CC=F
2024-06-04,9446.0,9697.0,9162.0,9557.0,,14149,,,8701.35,9555.36,Cocoa,CC=F
2024-06-05,9410.0,9642.0,9103.0,9408.0,,12615,,,8692.1,9550.54,Cocoa,CC=F
2024-06-06,9600.0,9987.0,9566.0,9872.0,,11501,,,8704.85,9555.54,Cocoa,CC=F
2024-06-07,9865.0,10098.0,9812.0,9933.0,,15259,,,8717.6,9557.34,Cocoa,CC=F
2024-06-10,9933.0,10038.0,9411.0,9687.0,,9152,,,8708.25,9555.76,Cocoa,CC=F
2024-06-11,9597.0,10055.0,9597.0,9910.0,,9207,,,8796.3,9551.56,Cocoa,CC=F
2024-06-12,10088.0,10640.0,9950.0,10539.0,,7296,,,8885.7,9563.36,Cocoa,CC=F
2024-06-13,10595.0,11000.0,10491.0,10810.0,,4837,,,8972.9,9589.08,Cocoa,CC=F
2024-06-14,10784.0,10850.0,9567.0,10294.0,,2946,,,9117.95,9605.72,Cocoa,CC=F
2024-06-17,10225.0,10307.0,9477.0,9659.0,,3308,,,9233.5,9603.0,Cocoa,CC=F
2024-06-18,9628.0,10014.0,9531.0,9938.0,,2336,,,9369.6,9603.86,Cocoa,CC=F
2024-06-20,9910.0,10295.0,9319.0,9598.0,,2143,,,9479.8,9591.74,Cocoa,CC=F
2024-06-21,9280.0,9725.0,8600.0,8995.0,,1568,,,9552.75,9563.42,Cocoa,CC=F
2024-06-24,8792.0,8864.0,7882.0,7978.0,,28,,,9546.2,9515.52,Cocoa,CC=F
2024-06-25,8144.0,8144.0,7521.0,7967.0,,7,,,9529.85,9455.12,Cocoa,CC=F
2024-06-26,7950.0,7950.0,7500.0,7797.0,,5,,,9480.7,9391.04,Cocoa,CC=F
2024-06-27,7500.0,7500.0,7361.0,7397.0,,9,,,9385.1,9334.12,Cocoa,CC=F
2024-06-28,7692.0,7692.0,7692.0,7729.0,,1,,,9308.7,9281.9,Cocoa,CC=F
2024-07-01,7500.0,7500.0,7500.0,7352.0,,1,,,9209.75,9202.72,Cocoa,CC=F
2024-07-02,7249.0,7497.0,7245.0,7773.0,,412,,,9109.65,9120.62,Cocoa,CC=F
2024-07-03,7811.0,7811.0,7811.0,7811.0,,0,,,9022.35,9053.52,Cocoa,CC=F
2024-07-05,7718.0,7740.0,7718.0,7721.0,,10,,,8938.0,8996.26,Cocoa,CC=F
2024-07-08,7721.0,7721.0,7720.0,7693.0,,3,,,8829.05,8929.26,Cocoa,CC=F
2024-07-09,8430.0,8430.0,8430.0,8023.0,,1,,,8733.55,8869.96,Cocoa,CC=F
2024-07-10,8197.0,8197.0,8197.0,8197.0,,0,,,8659.05,8819.32,Cocoa,CC=F
2024-07-11,8325.0,8325.0,8325.0,8441.0,,1,,,8585.6,8788.48,Cocoa,CC=F
2024-07-12,8523.0,8523.0,8523.0,8523.0,,0,,,8484.8,8756.28,Cocoa,CC=F
2024-07-15,8399.0,8399.0,8399.0,8463.0,,1,,,8367.45,8741.88,Cocoa,CC=F
2024-07-16,8320.0,8320.0,8320.0,8320.0,,9527,,,8268.75,8738.62,Cocoa,CC=F
2024-07-17,7963.0,7968.0,7600.0,7763.0,,10306,,,8173.95,8723.78,Cocoa,CC=F
2024-07-18,7806.0,8171.0,7690.0,8068.0,,9181,,,8080.45,8713.72,Cocoa,CC=F
2024-07-19,8185.0,8321.0,7618.0,7689.0,,9291,,,7985.0,8675.64,Cocoa,CC=F
2024-07-22,7725.0,8450.0,7720.0,8398.0,,11876,,,7955.15,8651.26,Cocoa,CC=F
2024-07-23,8249.0,8395.0,8181.0,8286.0,,6276,,,7970.55,8623.42,Cocoa,CC=F
2024-07-24,8225.0,8485.0,8123.0,8227.0,,10226,,,7983.55,8590.48,Cocoa,CC=F
2024-07-25,8201.0,8201.0,7770.0,7805.0,,8448,,,7983.95,8583.6,Cocoa,CC=F
2024-07-26,7785.0,8099.0,7719.0,8038.0,,8417,,,8016.0,8569.34,Cocoa,CC=F
2024-07-29,8001.0,8001.0,7640.0,7716.0,,11261,,,8015.35,8542.34,Cocoa,CC=F
2024-07-30,7778.0,8232.0,7700.0,8136.0,,11585,,,8054.55,8557.2,Cocoa,CC=F
2024-07-31,8125.0,8250.0,7960.0,8092.0,,8340,,,8070.5,8572.08,Cocoa,CC=F
2024-08-01,8023.0,8047.0,7523.0,7562.0,,12323,,,8058.05,8579.0,Cocoa,CC=F
2024-08-02,7621.0,7689.0,7419.0,7520.0,,11475,,,8048.0,8581.52,Cocoa,CC=F
2024-08-05,7440.0,8100.0,7339.0,7901.0,,13965,,,8058.4,8588.82,Cocoa,CC=F
2024-08-06,7960.0,8365.0,7913.0,8223.0,,11629,,,8068.4,8591.1,Cocoa,CC=F
2024-08-07,8271.0,9030.0,8223.0,8586.0,,14297,,,8087.85,8596.94,Cocoa,CC=F
2024-08-08,8651.0,8792.0,8050.0,8178.0,,11741,,,8074.7,8584.9,Cocoa,CC=F
2024-08-09,8457.0,9226.0,8397.0,9098.0,,8871,,,8103.45,8580.68,Cocoa,CC=F
2024-08-12,9000.0,9079.0,8639.0,8731.0,,8295,,,8116.85,8570.16,Cocoa,CC=F
2024-08-13,8908.0,9079.0,8555.0,8862.0,,7909,,,8143.95,8560.78,Cocoa,CC=F
2024-08-14,8964.0,8972.0,8649.0,8833.0,,4032,,,8197.45,8541.94,Cocoa,CC=F
2024-08-15,8809.0,9021.0,8357.0,8485.0,,4510,,,8218.3,8520.5,Cocoa,CC=F
2024-08-16,8524.0,8968.0,8399.0,8637.0,,2728,,,8265.7,8505.08,Cocoa,CC=F
2024-08-19,8777.0,9440.0,8649.0,9173.0,,3597,,,8304.45,8491.1,Cocoa,CC=F
2024-08-20,9114.0,9519.0,9045.0,9486.0,,1891,,,8364.45,8482.16,Cocoa,CC=F
2024-08-21,9545.0,9793.0,9400.0,9582.0,,2811,,,8432.2,8480.06,Cocoa,CC=F
2024-08-22,9612.0,9744.0,9348.0,9689.0,,2362,,,8526.4,8475.64,Cocoa,CC=F
2024-08-23,9700.0,9899.0,9494.0,9821.0,,999,,,8615.55,8461.28,Cocoa,CC=F
2024-08-26,9850.0,9900.0,9715.0,9880.0,,53,,,8723.75,8442.68,Cocoa,CC=F
2024-08-27,9934.0,9934.0,9787.0,9785.0,,35,,,8806.2,8432.5,Cocoa,CC=F
2024-08-28,9700.0,9930.0,9624.0,9730.0,,11,,,8888.1,8433.92,Cocoa,CC=F
2024-08-29,9593.0,9671.0,9515.0,9600.0,,13,,,8990.0,8427.16,Cocoa,CC=F
2024-08-30,9707.0,9812.0,9645.0,9666.0,,23,,,9097.3,8428.52,Cocoa,CC=F
2024-09-03,9569.0,9730.0,9355.0,9663.0,,13,,,9185.4,8441.88,Cocoa,CC=F
2024-09-04,9500.0,9500.0,9375.0,9282.0,,6,,,9238.35,8467.96,Cocoa,CC=F
2024-09-05,9416.0,9496.0,9399.0,9539.0,,6,,,9286.0,8499.4,Cocoa,CC=F
2024-09-06,9459.0,9459.0,9459.0,9459.0,,0,,,9350.05,8532.64,Cocoa,CC=F
2024-09-09,9839.0,9839.0,9839.0,9839.0,,0,,,9387.1,8581.48,Cocoa,CC=F
2024-09-10,9726.0,9726.0,9726.0,9654.0,,3,,,9433.25,8619.98,Cocoa,CC=F
2024-09-11,10018.0,10099.0,10018.0,10115.0,,4,,,9495.9,8675.24,Cocoa,CC=F
2024-09-12,9895.0,9895.0,9895.0,9968.0,,1,,,9552.65,8719.14,Cocoa,CC=F
2024-09-13,8320.0,10116.0,8320.0,10079.0,,7635,,,9632.35,8764.5,Cocoa,CC=F
2024-09-16,7690.0,7849.0,7542.0,7767.0,,8493,,,9588.85,8765.42,Cocoa,CC=F
2024-09-17,7703.0,7778.0,7473.0,7620.0,,6229,,,9511.2,8763.96,Cocoa,CC=F
2024-09-18,7623.0,7847.0,7583.0,7814.0,,11843,,,9427.6,8759.78,Cocoa,CC=F
2024-09-19,7796.0,7904.0,7705.0,7750.0,,6001,,,9336.0,8750.84,Cocoa,CC=F
2024-09-20,7735.0,7807.0,7600.0,7658.0,,7013,,,9234.45,8735.18,Cocoa,CC=F
2024-09-23,7602.0,7949.0,7565.0,7786.0,,8558,,,9132.7,8720.44,Cocoa,CC=F
2024-09-24,7785.0,7929.0,7690.0,7867.0,,8515,,,9032.05,8708.52,Cocoa,CC=F
2024-09-25,7851.0,8049.0,7805.0,7955.0,,8326,,,8940.55,8701.22,Cocoa,CC=F
2024-09-26,8000.0,8796.0,7996.0,8122.0,,22154,,,8860.15,8708.4,Cocoa,CC=F
2024-09-27,8078.0,8370.0,8035.0,8281.0,,7951,,,8794.2,8712.66,Cocoa,CC=F
2024-09-30,8299.0,8299.0,7682.0,7722.0,,11870,,,8697.0,8713.32,Cocoa,CC=F
2024-10-01,7722.0,7830.0,7006.0,7039.0,,16564,,,8565.8,8686.14,Cocoa,CC=F
2024-10-02,7081.0,7332.0,6926.0,7064.0,,12946,,,8454.9,8661.7,Cocoa,CC=F
2024-10-03,7030.0,7188.0,6884.0,7030.0,,12133,,,8329.45,8637.76,Cocoa,CC=F
2024-10-04,7080.0,7126.0,6850.0,7069.0,,14465,,,8209.95,8623.04,Cocoa,CC=F
2024-10-07,6987.0,7059.0,6862.0,6908.0,,9771,,,8063.4,8600.44,Cocoa,CC=F
2024-10-08,6970.0,7231.0,6951.0,7050.0,,8375,,,7933.2,8587.12,Cocoa,CC=F
2024-10-09,7123.0,7442.0,7102.0,7351.0,,8067,,,7795.0,8571.42,Cocoa,CC=F
2024-10-10,7350.0,7565.0,7139.0,7529.0,,7631,,,7673.05,8560.16,Cocoa,CC=F
2024-10-11,7560.0,7851.0,7553.0,7739.0,,8121,,,7556.05,8563.7,Cocoa,CC=F
2024-10-14,7699.0,7816.0,7565.0,7615.0,,6666,,,7548.45,8565.6,Cocoa,CC=F
2024-10-15,7619.0,8027.0,7505.0,7942.0,,8608,,,7564.55,8566.42,Cocoa,CC=F
2024-10-16,8045.0,8172.0,7651.0,7765.0,,8645,,,7562.1,8557.26,Cocoa,CC=F
2024-10-17,7680.0,7919.0,7488.0,7771.0,,7812,,,7563.15,8540.96,Cocoa,CC=F
2024-10-18,7832.0,7881.0,7406.0,7450.0,,7653,,,7552.75,8526.4,Cocoa,CC=F
2024-10-21,7355.0,7640.0,7310.0,7394.0,,6440,,,7533.15,8492.32,Cocoa,CC=F
2024-10-22,7370.0,7406.0,7014.0,7140.0,,10096,,,7496.8,8460.5,Cocoa,CC=F
2024-10-23,7120.0,7223.0,6929.0,7001.0,,9041,,,7449.1,8423.28,Cocoa,CC=F
2024-10-24,6953.0,7002.0,6717.0,6756.0,,10428,,,7380.8,8381.74,Cocoa,CC=F
2024-10-25,6708.0,6926.0,6426.0,6770.0,,12077,,,7305.25,8347.44,Cocoa,CC=F
2024-10-28,6778.0,6975.0,6682.0,6917.0,,8419,,,7265.0,8313.04,Cocoa,CC=F
2024-10-29,6901.0,7332.0,6897.0,7267.0,,9564,,,7276.4,8274.92,Cocoa,CC=F
2024-10-30,7253.0,7412.0,7066.0,7391.0,,8325,,,7292.75,8233.02,Cocoa,CC=F
2024-10-31,7365.0,7456.0,7202.0,7334.0,,6597,,,7307.95,8188.06,Cocoa,CC=F
2024-11-01,7334.0,7490.0,7261.0,7341.0,,9025,,,7321.55,8141.1,Cocoa,CC=F
2024-11-04,7290.0,7522.0,7115.0,7328.0,,8121,,,7342.55,8091.24,Cocoa,CC=F
2024-11-05,7246.0,7416.0,7157.0,7251.0,,7339,,,7352.6,8038.66,Cocoa,CC=F
2024-11-06,7217.0,7231.0,6888.0,6924.0,,7101,,,7331.25,7981.44,Cocoa,CC=F
2024-11-07,6926.0,7389.0,6926.0,7360.0,,7951,,,7322.8,7934.04,Cocoa,CC=F
2024-11-08,7360.0,7468.0,7073.0,7117.0,,7900,,,7291.7,7884.38,Cocoa,CC=F
2024-11-11,7104.0,7392.0,7061.0,7298.0,,6765,,,7275.85,7837.02,Cocoa,CC=F
2024-11-12,7346.0,7956.0,7325.0,7867.0,,5305,,,7272.1,7801.1,Cocoa,CC=F
2024-11-13,7867.0,8458.0,7867.0,8163.0,,4103,,,7292.0,7778.72,Cocoa,CC=F
2024-11-14,8187.0,8822.0,8125.0,8686.0,,4125,,,7337.75,7761.66,Cocoa,CC=F
2024-11-15,8796.0,8890.0,8550.0,8607.0,,3069,,,7395.6,7744.62,Cocoa,CC=F
2024-11-18,8591.0,8599.0,8187.0,8404.0,,2217,,,7446.1,7715.92,Cocoa,CC=F
2024-11-19,8332.0,8652.0,8272.0,8574.0,,1900,,,7517.8,7694.32,Cocoa,CC=F
2024-11-20,8629.0,8750.0,8263.0,8340.0,,1416,,,7584.75,7658.82,Cocoa,CC=F
2024-11-21,8375.0,8690.0,8328.0,8449.0,,623,,,7669.4,7628.44,Cocoa,CC=F
2024-11-22,9000.0,9100.0,8808.0,8897.0,,321,,,7775.75,7604.8,Cocoa,CC=F
2024-11-25,8965.0,8965.0,8965.0,8863.0,,1,,,7873.05,7626.72,Cocoa,CC=F
2024-11-26,8964.0,8964.0,8964.0,9033.0,,4,,,7961.35,7654.98,Cocoa,CC=F
2024-11-27,8844.0,8844.0,8844.0,8844.0,,2,,,8034.0,7675.58,Cocoa,CC=F
2024-11-29,9220.0,9220.0,9220.0,9220.0,,0,,,8128.3,7704.98,Cocoa,CC=F
2024-12-02,9197.0,9197.0,9197.0,9197.0,,0,,,8221.1,7735.76,Cocoa,CC=F
2024-12-03,8833.0,8833.0,8833.0,8833.0,,0,,,8296.35,7756.7,Cocoa,CC=F
2024-12-04,9196.0,9196.0,9196.0,9196.0,,0,,,8393.6,7783.28,Cocoa,CC=F
2024-12-05,9648.0,9648.0,9648.0,9648.0,,0,,,8529.8,7817.14,Cocoa,CC=F
2024-12-06,9800.0,9880.0,9624.0,9767.0,,6,,,8650.15,7850.04,Cocoa,CC=F
2024-12-09,9977.0,9977.0,9977.0,9977.0,,0,,,8793.15,7883.96,Cocoa,CC=F
2024-12-10,10286.0,10366.0,10200.0,10387.0,,20,,,8947.6,7937.26,Cocoa,CC=F
2024-12-11,10500.0,10500.0,10351.0,10458.0,,2,,,9077.15,8005.64,Cocoa,CC=F
2024-12-12,10702.0,10702.0,10702.0,10702.0,,0,,,9204.1,8078.4,Cocoa,CC=F
2024-12-13,11181.0,11181.0,11181.0,11181.0,,12773,,,9328.85,8161.42,Cocoa,CC=F
2024-12-16,11300.0,11925.0,11290.0,11821.0,,14298,,,9489.55,8256.46,Cocoa,CC=F
2024-12-17,11743.0,11977.0,11527.0,11765.0,,12489,,,9657.6,8353.6,Cocoa,CC=F
2024-12-18,11966.0,12931.0,11935.0,12565.0,,17589,,,9857.15,8463.9,Cocoa,CC=F
2024-12-19,12553.0,12780.0,11648.0,12107.0,,13974,,,10045.5,8559.02,Cocoa,CC=F
2024-12-20,11848.0,12360.0,11419.0,11954.0,,12140,,,10220.75,8647.52,Cocoa,CC=F
2024-12-23,11870.0,12050.0,11527.0,11746.0,,7294,,,10363.2,8727.66,Cocoa,CC=F
2024-12-24,11583.0,11973.0,11425.0,11852.0,,0,,,10512.65,8812.4,Cocoa,CC=F
2024-12-26,11845.0,12000.0,10790.0,11027.0,,7450,,,10612.35,8874.1,Cocoa,CC=F
2024-12-27,11150.0,11259.0,9831.0,10124.0,,13447,,,10676.35,8921.28,Cocoa,CC=F
2024-12-30,10148.0,11590.0,10144.0,11507.0,,15702,,,10790.7,8996.0,Cocoa,CC=F
2024-12-31,11219.0,11820.0,11153.0,11675.0,,0,,,10914.6,9080.5,Cocoa,CC=F
2025-01-02,11632.0,11743.0,10802.0,11137.0,,6414,,,11029.8,9155.36,Cocoa,CC=F
2025-01-03,11195.0,11623.0,11029.0,11238.0,,4917,,,11131.9,9237.32,Cocoa,CC=F
2025-01-06,11423.0,11882.0,11066.0,11377.0,,8022,,,11218.35,9324.84,Cocoa,CC=F
2025-01-07,11291.0,11568.0,11164.0,11210.0,,5582,,,11290.5,9413.92,Cocoa,CC=F
2025-01-08,11009.0,11315.0,10345.0,10453.0,,10690,,,11314.3,9487.58,Cocoa,CC=F
2025-01-09,11103.0,11513.0,10605.0,10927.0,,10908,,,11341.3,9567.78,Cocoa,CC=F
2025-01-10,10823.0,10920.0,10525.0,10570.0,,7119,,,11346.9,9633.84,Cocoa,CC=F
2025-01-13,10500.0,11029.0,10480.0,10928.0,,6266,,,11358.2,9704.58,Cocoa,CC=F
2025-01-14,11034.0,11293.0,10762.0,10951.0,,6482,,,11346.7,9776.92,Cocoa,CC=F
2025-01-15,10889.0,11150.0,10742.0,10821.0,,5047,,,11296.7,9846.52,Cocoa,CC=F
2025-01-16,10674.0,10907.0,10451.0,10502.0,,9301,,,11233.55,9910.0,Cocoa,CC=F
2025-01-17,10538.0,11226.0,10503.0,11173.0,,9122,,,11163.95,9988.44,Cocoa,CC=F
2025-01-21,11298.0,11698.0,11298.0,11559.0,,8582,,,11136.55,10081.14,Cocoa,CC=F
2025-01-22,11528.0,11777.0,11409.0,11675.0,,8470,,,11122.6,10167.44,Cocoa,CC=F
2025-01-23,11666.0,11754.0,11431.0,11552.0,,7413,,,11112.9,10256.14,Cocoa,CC=F
2025-01-24,11508.0,11700.0,11341.0,11593.0,,7160,,,11099.95,10342.04,Cocoa,CC=F
2025-01-27,11499.0,11620.0,11296.0,11372.0,,6735,,,11117.2,10412.14,Cocoa,CC=F
2025-01-28,11396.0,11455.0,11166.0,11374.0,,4985,,,11179.7,10476.36,Cocoa,CC=F
2025-01-29,11498.0,11789.0,11482.0,11745.0,,7188,,,11191.6,10537.54,Cocoa,CC=F
2025-01-30,11694.0,11733.0,11047.0,11207.0,,6989,,,11168.2,10589.54,Cocoa,CC=F
2025-01-31,11094.0,11200.0,10533.0,10987.0,,11417,,,11160.7,10641.2,Cocoa,CC=F
2025-02-03,11020.0,11324.0,10819.0,11002.0,,6677,,,11148.9,10689.76,Cocoa,CC=F
2025-02-04,11002.0,11144.0,10713.0,10913.0,,5482,,,11125.7,10741.22,Cocoa,CC=F
2025-02-05,10838.0,10856.0,10426.0,10514.0,,6962,,,11090.9,10782.52,Cocoa,CC=F
2025-02-06,10500.0,10505.0,9850.0,10094.0,,10531,,,11072.95,10806.46,Cocoa,CC=F
2025-02-07,9999.0,10349.0,9557.0,10018.0,,11621,,,11027.5,10829.56,Cocoa,CC=F
2025-02-10,9799.0,9947.0,9582.0,9714.0,,7738,,,10984.7,10843.18,Cocoa,CC=F
2025-02-11,9734.0,10150.0,9720.0,10131.0,,6514,,,10944.85,10868.92,Cocoa,CC=F
2025-02-12,10108.0,10281.0,9914.0,10006.0,,3405,,,10897.6,10884.64,Cocoa,CC=F
2025-02-13,10100.0,10470.0,10098.0,10381.0,,4043,,,10875.6,10908.32,Cocoa,CC=F
2025-02-14,10400.0,10545.0,10079.0,10159.0,,2428,,,10858.45,10934.84,Cocoa,CC=F
2025-02-18,10114.0,10344.0,10059.0,10301.0,,3043,,,10814.85,10956.94,Cocoa,CC=F
2025-02-19,10274.0,10352.0,10121.0,10218.0,,1733,,,10747.8,10968.34,Cocoa,CC=F
2025-02-20,10163.0,10208.0,10008.0,10075.0,,3220,,,10667.8,10974.5,Cocoa,CC=F
2025-02-21,10100.0,10107.0,8925.0,8934.0,,1259,,,10536.9,10953.64,Cocoa,CC=F
2025-02-24,9044.0,9044.0,8390.0,8352.0,,24,,,10374.85,10912.94,Cocoa,CC=F
2025-02-25,8675.0,8675.0,8675.0,8675.0,,0,,,10240.0,10877.28,Cocoa,CC=F
2025-02-26,9100.0,9100.0,9100.0,9100.0,,0,,,10126.3,10845.24,Cocoa,CC=F
2025-02-27,8863.0,8863.0,8836.0,9130.0,,2,,,9995.55,10804.22,Cocoa,CC=F
2025-02-28,8890.0,8890.0,8890.0,9014.0,,2,,,9885.9,10748.08,Cocoa,CC=F
2025-03-03,8082.0,8082.0,8082.0,8082.0,,0,,,9740.65,10674.42,Cocoa,CC=F
2025-03-04,8225.0,8225.0,8225.0,8225.0,,0,,,9601.8,10587.62,Cocoa,CC=F
2025-03-05,7915.0,7915.0,7915.0,7915.0,,0,,,9451.9,10503.78,Cocoa,CC=F
2025-03-06,8036.0,8036.0,8036.0,8036.0,,0,,,9328.0,10425.42,Cocoa,CC=F
2025-03-07,8141.0,8141.0,8141.0,8141.0,,0,,,9230.35,10353.32,Cocoa,CC=F
2025-03-10,8279.0,8279.0,8279.0,8279.0,,0,,,9143.4,10281.86,Cocoa,CC=F
2025-03-11,8151.0,8151.0,8151.0,8151.0,,0,,,9065.25,10224.34,Cocoa,CC=F
2025-03-12,8204.0,8204.0,8204.0,8204.0,,0,,,8968.9,10185.94,Cocoa,CC=F
2025-03-13,8415.0,8415.0,8415.0,8031.0,,1,,,8870.15,10116.42,Cocoa,CC=F
2025-03-14,7728.0,7728.0,7728.0,7728.0,,8328,,,8737.5,10037.48,Cocoa,CC=F
2025-03-17,7830.0,7988.0,7777.0,7827.0,,6258,,,8620.9,9971.28,Cocoa,CC=F
2025-03-18,7837.0,8212.0,7784.0,8021.0,,5925,,,8506.9,9906.94,Cocoa,CC=F
2025-03-19,7930.0,8249.0,7884.0,8121.0,,5593,,,8402.05,9841.82,Cocoa,CC=F
2025-03-20,8084.0,8356.0,7916.0,8071.0,,6996,,,8301.85,9779.04,Cocoa,CC=F
2025-03-21,8036.0,8146.0,7639.0,7765.0,,8888,,,8243.4,9725.28,Cocoa,CC=F
2025-03-24,7807.0,8171.0,7806.0,8079.0,,7783,,,8229.75,9668.32,Cocoa,CC=F
2025-03-25,8075.0,8147.0,7912.0,7995.0,,5135,,,8195.75,9616.82,Cocoa,CC=F
2025-03-26,8061.0,8200.0,7940.0,8044.0,,6806,,,8142.95,9559.14,Cocoa,CC=F
2025-03-27,7970.0,8225.0,7900.0,7979.0,,6515,,,8085.4,9499.7,Cocoa,CC=F
2025-03-28,7933.0,8104.0,7880.0,8042.0,,4999,,,8036.8,9444.12,Cocoa,CC=F
2025-03-31,7973.0,8115.0,7808.0,7902.0,,7736,,,8027.8,9392.12,Cocoa,CC=F
2025-04-01,7998.0,8422.0,7981.0,8177.0,,9542,,,8025.4,9332.2,Cocoa,CC=F
2025-04-02,8341.0,9035.0,8326.0,8968.0,,12783,,,8078.05,9280.38,Cocoa,CC=F
2025-04-03,8884.0,9492.0,8884.0,9291.0,,16484,,,8140.8,9232.7,Cocoa,CC=F
2025-04-04,9265.0,9335.0,8450.0,8512.0,,23975,,,8159.35,9171.9,Cocoa,CC=F
2025-04-07,8430.0,8729.0,7963.0,8053.0,,10686,,,8148.05,9101.1,Cocoa,CC=F
2025-04-08,8096.0,8200.0,7677.0,7755.0,,6809,,,8128.25,9028.76,Cocoa,CC=F
2025-04-09,7656.0,8500.0,7656.0,8447.0,,5668,,,8140.4,8970.22,Cocoa,CC=F
2025-04-10,8473.0,8576.0,8045.0,8088.0,,6647,,,8143.25,8897.08,Cocoa,CC=F
2025-04-11,8150.0,8538.0,8088.0,8511.0,,3610,,,8182.4,8843.16,Cocoa,CC=F
2025-04-14,8426.0,8625.0,8202.0,8247.0,,3670,,,8203.4,8788.36,Cocoa,CC=F
2025-04-15,8216.0,8361.0,7956.0,8002.0,,1761,,,8202.45,8728.36,Cocoa,CC=F
2025-04-16,7994.0,8178.0,7853.0,8096.0,,1615,,,8201.2,8672.02,Cocoa,CC=F
2025-04-17,8132.0,8550.0,8132.0,8365.0,,0,,,8215.9,8629.04,Cocoa,CC=F
2025-04-21,8380.0,8970.0,8380.0,8810.0,,2329,,,8268.15,8603.36,Cocoa,CC=F
2025-04-22,8700.0,9329.0,8678.0,9310.0,,2216,,,8329.7,8589.2,Cocoa,CC=F
2025-04-23,9350.0,9515.0,8927.0,9104.0,,761,,,8385.15,8577.0,Cocoa,CC=F
2025-04-24,9418.0,9418.0,9418.0,9391.0,,65,,,8452.5,8562.2,Cocoa,CC=F
2025-04-25,9652.0,9652.0,9652.0,9652.0,,0,,,8536.15,8555.12,Cocoa,CC=F
2025-04-28,9300.0,9300.0,9300.0,9217.0,,1,,,8594.9,8531.84,Cocoa,CC=F
2025-04-29,9475.0,9476.0,9120.0,9146.0,,14,,,8657.1,8511.58,Cocoa,CC=F
2025-04-30,9127.0,9127.0,9127.0,9127.0,,0,,,8704.6,8488.1,Cocoa,CC=F
2025-05-01,8973.0,8973.0,8973.0,8973.0,,0,,,8704.85,8463.2,Cocoa,CC=F
2025-05-02,9127.0,9127.0,9127.0,9127.0,,0,,,8696.65,8444.24,Cocoa,CC=F
2025-05-05,8758.0,8758.0,8758.0,8758.0,,0,,,8708.95,8440.72,Cocoa,CC=F
2025-05-06,9157.0,9157.0,9157.0,9175.0,,13,,,8765.05,8457.18,Cocoa,CC=F
2025-05-07,9285.0,9285.0,9285.0,9398.0,,1,,,8847.2,8471.64,Cocoa,CC=F
2025-05-08,9268.0,9268.0,9268.0,9268.0,,0,,,8888.25,8475.0,Cocoa,CC=F
2025-05-09,9387.0,9387.0,9387.0,9387.0,,0,,,8953.2,8480.14,Cocoa,CC=F
2025-05-12,9350.0,9350.0,9276.0,9340.0,,7,,,8994.65,8486.66,Cocoa,CC=F
2025-05-13,9689.0,9689.0,9689.0,10171.0,,1,,,9090.85,8528.44,Cocoa,CC=F
2025-05-14,10129.0,10129.0,10129.0,10129.0,,9773,,,9197.2,8566.52,Cocoa,CC=F
2025-05-15,9900.0,10681.0,9651.0,10257.0,,10086,,,9305.25,8613.36,Cocoa,CC=F
2025-05-16,10375.0,11068.0,10308.0,10898.0,,13430,,,9431.9,8670.6,Cocoa,CC=F
2025-05-19,10706.0,11007.0,10410.0,10974.0,,11702,,,9540.1,8727.26,Cocoa,CC=F
2025-05-20,10910.0,11280.0,10752.0,10874.0,,9520,,,9618.3,8779.16,Cocoa,CC=F
2025-05-21,10807.0,10949.0,10410.0,10719.0,,7512,,,9699.05,8830.52,Cocoa,CC=F
2025-05-22,10596.0,10700.0,10145.0,10278.0,,6256,,,9743.4,8872.0,Cocoa,CC=F
2025-05-23,10300.0,10425.0,9630.0,9764.0,,0,,,9749.0,8906.66,Cocoa,CC=F
2025-05-27,9817.0,10163.0,9700.0,9739.0,,7906,,,9775.1,8946.88,Cocoa,CC=F
2025-05-28,9764.0,9805.0,9407.0,9634.0,,9983,,,9799.5,8983.02,Cocoa,CC=F
2025-05-29,9561.0,9572.0,9054.0,9110.0,,11098,,,9798.65,9004.8,Cocoa,CC=F
2025-05-30,9213.0,9818.0,9213.0,9791.0,,8704,,,9839.55,9038.2,Cocoa,CC=F
2025-06-02,9625.0,10075.0,9401.0,9474.0,,9159,,,9856.9,9066.26,Cocoa,CC=F
2025-06-03,9476.0,9877.0,9350.0,9775.0,,7536,,,9907.75,9106.46,Cocoa,CC=F
2025-06-04,9786.0,9990.0,9552.0,9948.0,,7240,,,9946.4,9143.84,Cocoa,CC=F
2025-06-05,9855.0,10190.0,9761.0,10076.0,,8282,,,9980.3,9185.46,Cocoa,CC=F
2025-06-06,10200.0,10531.0,10026.0,10259.0,,9456,,,10029.85,9229.76,Cocoa,CC=F
2025-06-09,10150.0,10278.0,9938.0,10174.0,,6452,,,10069.2,9273.66,Cocoa,CC=F
2025-06-10,10237.0,10250.0,9501.0,9602.0,,10584,,,10082.3,9304.86,Cocoa,CC=F
2025-06-11,9550.0,9620.0,9326.0,9549.0,,6649,,,10051.2,9337.8,Cocoa,CC=F
2025-06-12,9596.0,9882.0,9503.0,9858.0,,5392,,,10037.65,9371.42,Cocoa,CC=F
2025-06-13,9803.0,9880.0,9709.0,9768.0,,8790,,,10013.2,9387.42,Cocoa,CC=F
2025-06-16,9817.0,10119.0,9600.0,10035.0,,4177,,,9970.05,9402.3,Cocoa,CC=F
2025-06-17,10050.0,10288.0,9931.0,9943.0,,3019,,,9918.5,9430.92,Cocoa,CC=F
2025-06-18,9951.0,10004.0,9570.0,9680.0,,0,,,9858.8,9463.46,Cocoa,CC=F
2025-06-20,9505.0,9505.0,8331.0,8459.0,,2783,,,9745.8,9477.54,Cocoa,CC=F
2025-06-23,8555.0,9216.0,8295.0,9189.0,,404,,,9691.35,9492.38,Cocoa,CC=F
2025-06-24,8621.0,9410.0,8605.0,9436.0,,155,,,9674.95,9519.34,Cocoa,CC=F
2025-06-25,9300.0,9300.0,9138.0,9081.0,,4,,,9642.05,9530.74,Cocoa,CC=F
2025-06-26,9175.0,9176.0,9165.0,9361.0,,9,,,9628.4,9553.02,Cocoa,CC=F
2025-06-27,9231.0,9231.0,9231.0,9231.0,,0,,,9634.45,9577.6,Cocoa,CC=F
2025-06-30,9356.0,9356.0,9356.0,9356.0,,1,,,9612.7,9602.8,Cocoa,CC=F
2025-07-01,9165.0,9165.0,9165.0,9000.0,,1,,,9589.0,9615.5,Cocoa,CC=F
2025-07-02,9050.0,9050.0,9050.0,8904.0,,4,,,9545.45,9617.38,Cocoa,CC=F
2025-07-03,8780.0,8780.0,8780.0,8780.0,,0,,,9487.05,9606.78,Cocoa,CC=F
2025-07-04,8780.0,8780.0,8780.0,8780.0,,0,,,9422.25,9600.3,Cocoa,CC=F
2025-07-07,8879.0,8879.0,8879.0,8879.0,,0,,,9353.25,9590.06,Cocoa,CC=F
2025-07-08,8760.0,8760.0,8760.0,8760.0,,0,,,9282.55,9572.22,Cocoa,CC=F
2025-07-09,9080.0,9080.0,9080.0,9046.0,,2,,,9254.75,9568.8,Cocoa,CC=F
2025-07-10,8742.0,8742.0,8742.0,8742.0,,0,,,9214.4,9560.72,Cocoa,CC=F
2025-07-11,8840.0,8840.0,8840.0,8840.0,,0,,,9163.5,9554.98,Cocoa,CC=F
2025-07-14,8950.0,8950.0,8950.0,8950.0,,0,,,9122.6,9554.52,Cocoa,CC=F
2025-07-15,8567.0,8567.0,8567.0,8567.0,,0,,,9049.2,9543.32,Cocoa,CC=F
2025-07-16,8322.0,8322.0,8322.0,8322.0,,10507,,,8968.15,9534.6,Cocoa,CC=F
2025-07-17,7500.0,7500.0,7208.0,7309.0,,17601,,,8849.6,9497.28,Cocoa,CC=F
2025-07-18,7444.0,7835.0,7400.0,7800.0,,11035,,,8816.65,9465.32,Cocoa,CC=F
2025-07-21,7750.0,8234.0,7708.0,8156.0,,11543,,,8765.0,9443.08,Cocoa,CC=F
2025-07-22,8074.0,8247.0,8022.0,8149.0,,8632,,,8700.65,9418.32,Cocoa,CC=F
2025-07-23,8150.0,8485.0,8088.0,8440.0,,8123,,,8668.6,9400.32,Cocoa,CC=F
2025-07-24,8440.0,8570.0,8066.0,8124.0,,8940,,,8606.75,9359.38,Cocoa,CC=F
2025-07-25,8145.0,8363.0,8093.0,8329.0,,6637,,,8561.65,9323.38,Cocoa,CC=F
2025-07-28,8304.0,8599.0,8116.0,8518.0,,8496,,,8519.75,9288.6,Cocoa,CC=F
2025-07-29,8575.0,8723.0,8200.0,8220.0,,10858,,,8480.75,9235.04,Cocoa,CC=F
2025-07-30,8304.0,8514.0,8146.0,8192.0,,6467,,,8445.15,9179.4,Cocoa,CC=F
2025-07-31,8248.0,8552.0,8184.0,8506.0,,7056,,,8431.45,9132.04,Cocoa,CC=F
2025-08-01,8540.0,8590.0,8149.0,8232.0,,7719,,,8404.05,9082.3,Cocoa,CC=F
2025-08-04,8226.0,8226.0,7910.0,8102.0,,8986,,,8365.2,9038.78,Cocoa,CC=F
2025-08-05,8104.0,8428.0,7993.0,8363.0,,9162,,,8345.35,9010.76,Cocoa,CC=F
2025-08-06,8400.0,8498.0,8292.0,8470.0,,8147,,,8316.55,8985.38,Cocoa,CC=F
2025-08-07,8367.0,8749.0,8356.0,8644.0,,11213,,,8311.65,8965.58,Cocoa,CC=F
2025-08-08,8672.0,8815.0,8497.0,8526.0,,8972,,,8295.95,8953.9,Cocoa,CC=F
2025-08-11,8727.0,9326.0,8679.0,8778.0,,8404,,,8287.35,8933.64,Cocoa,CC=F
2025-08-12,8665.0,9056.0,8660.0,8793.0,,11216,,,8298.65,8920.02,Cocoa,CC=F
2025-08-13,8793.0,8865.0,8453.0,8566.0,,5756,,,8310.85,8895.84,Cocoa,CC=F
2025-08-14,8511.0,8537.0,8157.0,8225.0,,3768,,,8356.65,8861.38,Cocoa,CC=F
2025-08-15,8172.0,8317.0,8115.0,8235.0,,2131,,,8378.4,8824.56,Cocoa,CC=F
2025-08-18,8279.0,8441.0,7993.0,8047.0,,3790,,,8372.95,8780.32,Cocoa,CC=F
2025-08-19,8100.0,8197.0,7899.0,8012.0,,1438,,,8366.1,8737.08,Cocoa,CC=F
2025-08-20,7976.0,8062.0,7567.0,7675.0,,1645,,,8327.85,8698.54,Cocoa,CC=F
2025-08-21,7767.0,7793.0,7359.0,7435.0,,1617,,,8293.4,8656.26,Cocoa,CC=F
2025-08-22,7350.0,7700.0,7337.0,7582.0,,914,,,8256.05,8610.74,Cocoa,CC=F
2025-08-25,7513.0,7935.0,7513.0,7957.0,,10,,,8228.0,8574.52,Cocoa,CC=F
2025-08-26,7668.0,7668.0,7535.0,7532.0,,3,,,8193.6,8524.46,Cocoa,CC=F
2025-08-27,7585.0,7585.0,7585.0,7731.0,,35,,,8170.55,8480.22,Cocoa,CC=F
2025-08-28,7738.0,7738.0,7738.0,7738.0,,1,,,8132.15,8441.38,Cocoa,CC=F
2025-08-29,7635.0,7635.0,7635.0,7635.0,,0,,,8102.3,8424.9,Cocoa,CC=F
2025-09-02,7420.0,7420.0,7420.0,7420.0,,0,,,8068.2,8389.52,Cocoa,CC=F
2025-09-03,7475.0,7475.0,7475.0,7475.0,,0,,,8023.8,8350.3,Cocoa,CC=F
2025-09-04,7205.0,7205.0,7205.0,7205.0,,0,,,7960.55,8312.78,Cocoa,CC=F
2025-09-05,7382.0,7382.0,7382.0,7382.0,,12,,,7897.45,8273.2,Cocoa,CC=F
2025-09-08,7131.0,7131.0,7131.0,7131.0,,0,,,7827.7,8231.2,Cocoa,CC=F
2025-09-09,7270.0,7270.0,7270.0,7270.0,,0,,,7752.3,8189.48,Cocoa,CC=F
2025-09-10,7356.0,7356.0,7356.0,7356.0,,0,,,7680.45,8156.6,Cocoa,CC=F
2025-09-11,7451.0,7451.0,7451.0,7451.0,,3,,,7624.7,8127.54,Cocoa,CC=F
2025-09-12,7315.0,7315.0,7315.0,7315.0,,0,,,7579.2,8098.24,Cocoa,CC=F
2025-09-15,7539.0,7539.0,7539.0,7539.0,,8472,,,7544.4,8073.42,Cocoa,CC=F
2025-09-16,7605.0,7644.0,7347.0,7371.0,,9156,,,7510.6,8043.26,Cocoa,CC=F
2025-09-17,7355.0,7455.0,7323.0,7385.0,,6450,,,7479.25,8015.76,Cocoa,CC=F
2025-09-18,7340.0,7350.0,7208.0,7233.0,,7401,,,7457.15,7979.5,Cocoa,CC=F
2025-09-19,7225.0,7292.0,7196.0,7243.0,,5832,,,7447.55,7949.52,Cocoa,CC=F
2025-09-22,7230.0,7230.0,6914.0,6959.0,,13678,,,7416.4,7911.9,Cocoa,CC=F
2025-09-23,6901.0,7086.0,6834.0,6992.0,,10764,,,7368.15,7872.74,Cocoa,CC=F
2025-09-24,6979.0,7142.0,6960.0,7048.0,,8456,,,7343.95,7842.36,Cocoa,CC=F
2025-09-25,7020.0,7130.0,6870.0,6925.0,,8985,,,7303.65,7814.42,Cocoa,CC=F
2025-09-26,6909.0,6970.0,6850.0,6908.0,,5691,,,7262.15,7806.4,Cocoa,CC=F
2025-09-29,6923.0,7078.0,6912.0,6998.0,,7135,,,7230.3,7790.36,Cocoa,CC=F
2025-09-30,6955.0,6970.0,6682.0,6749.0,,13489,,,7196.75,7762.22,Cocoa,CC=F
2025-10-01,6731.0,6821.0,6671.0,6675.0,,9913,,,7156.75,7732.74,Cocoa,CC=F
2025-10-02,6666.0,6706.0,6420.0,6481.0,,13361,,,7120.55,7693.56,Cocoa,CC=F
2025-10-03,6426.0,6445.0,6159.0,6190.0,,18588,,,7060.95,7654.88,Cocoa,CC=F
2025-10-06,6120.0,6378.0,6022.0,6283.0,,13351,,,7018.55,7613.96,Cocoa,CC=F
2025-10-07,6270.0,6310.0,6066.0,6179.0,,9583,,,6964.0,7567.18,Cocoa,CC=F
2025-10-08,6200.0,6240.0,5906.0,6000.0,,10541,,,6896.2,7522.78,Cocoa,CC=F
2025-10-09,5982.0,6085.0,5890.0,5945.0,,9031,,,6820.9,7477.84,Cocoa,CC=F
2025-10-10,5950.0,6013.0,5811.0,5848.0,,9061,,,6747.55,7424.68,Cocoa,CC=F
2025-10-13,5825.0,5951.0,5631.0,5822.0,,11190,,,6661.7,7376.48,Cocoa,CC=F
2025-10-14,5811.0,5905.0,5715.0,5899.0,,11389,,,6588.1,7332.42,Cocoa,CC=F
2025-10-15,5801.0,5939.0,5690.0,5809.0,,10567,,,6509.3,7281.34,Cocoa,CC=F
2025-10-16,5905.0,6055.0,5905.0,5991.0,,10128,,,6447.2,7231.76,Cocoa,CC=F
2025-10-17,6089.0,6120.0,5742.0,5895.0,,9573,,,6379.8,7176.78,Cocoa,CC=F
2025-10-20,5900.0,5999.0,5813.0,5899.0,,5798,,,6326.8,7124.24,Cocoa,CC=F
2025-10-21,5961.0,6035.0,5877.0,5916.0,,6347,,,6273.0,7067.0,Cocoa,CC=F
2025-10-22,5972.0,6339.0,5948.0,6298.0,,13460,,,6235.5,7017.1,Cocoa,CC=F
2025-10-23,6281.0,6440.0,6209.0,6339.0,,9871,,,6206.2,6972.56,Cocoa,CC=F
2025-10-24,6343.0,6480.0,6258.0,6319.0,,6080,,,6176.75,6934.44,Cocoa,CC=F
2025-10-27,6256.0,6276.0,6057.0,6182.0,,0,,,6135.95,6893.38,Cocoa,CC=F
2025-10-28,6177.0,6192.0,5952.0,6002.0,,7388,,,6098.6,6852.48,Cocoa,CC=F
2025-10-29,5973.0,6150.0,5883.0,6044.0,,7569,,,6067.05,6813.12,Cocoa,CC=F
2025-10-30,6004.0,6091.0,5920.0,6058.0,,6457,,,6045.9,6780.78,Cocoa,CC=F
2025-10-31,6131.0,6358.0,6102.0,6151.0,,12836,,,6043.95,6755.1,Cocoa,CC=F
2025-11-03,6174.0,6596.0,6113.0,6559.0,,11502,,,6057.75,6734.64,Cocoa,CC=F
2025-11-04,6525.0,6627.0,6415.0,6600.0,,10320,,,6078.8,6707.5,Cocoa,CC=F
2025-11-05,6518.0,6627.0,6332.0,6396.0,,9657,,,6098.6,6684.78,Cocoa,CC=F
2025-11-06,6262.0,6303.0,6130.0,6185.0,,10171,,,6110.6,6653.86,Cocoa,CC=F
2025-11-07,6166.0,6209.0,5986.0,6013.0,,10733,,,6118.85,6619.36,Cocoa,CC=F
2025-11-10,6030.0,6138.0,5903.0,6102.0,,7647,,,6132.85,6588.7,Cocoa,CC=F
2025-11-11,6002.0,6098.0,5741.0,5829.0,,7363,,,6129.35,6556.88,Cocoa,CC=F
2025-11-12,5811.0,5946.0,5561.0,5625.0,,6491,,,6120.15,6519.88,Cocoa,CC=F
2025-11-13,5614.0,5667.0,5400.0,5487.0,,7894,,,6094.95,6485.52,Cocoa,CC=F
2025-11-14,5350.0,5400.0,5147.0,5287.0,,8677,,,6064.55,6443.62,Cocoa,CC=F
2025-11-17,5253.0,5365.0,5155.0,5264.0,,13407,,,6032.8,6406.28,Cocoa,CC=F
2025-11-18,5218.0,5345.0,5117.0,5262.0,,6746,,,6000.1,6366.12,Cocoa,CC=F
2025-11-19,5244.0,5277.0,4914.0,4943.0,,3791,,,5932.35,6317.86,Cocoa,CC=F
2025-11-20,4980.0,5239.0,4948.0,5108.0,,1351,,,5870.8,6271.0,Cocoa,CC=F
2025-11-21,5130.0,5130.0,5082.0,5084.0,,29,,,5809.05,6226.38,Cocoa,CC=F
2025-11-24,5090.0,5090.0,5090.0,5090.0,,0,,,5754.45,6177.4,Cocoa,CC=F
2025-11-25,4999.0,4999.0,4999.0,4999.0,,0,,,5704.3,6129.96,Cocoa,CC=F
2025-11-26,5068.0,5068.0,5068.0,4993.0,,2,,,5651.75,6082.12,Cocoa,CC=F
2025-11-28,5404.0,5404.0,5404.0,5404.0,,0,,,5619.05,6045.54,Cocoa,CC=F
2025-12-01,5456.0,5456.0,5456.0,5456.0,,0,,,5584.3,6009.8,Cocoa,CC=F
2025-12-02,5401.0,5401.0,5401.0,5401.0,,0,,,5526.4,5978.64,Cocoa,CC=F
2025-12-03,5453.0,5453.0,5453.0,5453.0,,0,,,5469.05,5947.86,Cocoa,CC=F
2025-12-04,5500.0,5500.0,5500.0,5434.0,,1,,,5420.95,5915.58,Cocoa,CC=F
2025-12-05,5643.0,5643.0,5643.0,5643.0,,0,,,5393.85,5889.94,Cocoa,CC=F
2025-12-08,5676.0,5676.0,5676.0,5648.0,,1,,,5375.6,5864.74,Cocoa,CC=F
2025-12-09,5754.0,5754.0,5754.0,5829.0,,2,,,5361.95,5841.36,Cocoa,CC=F
2025-12-10,6168.0,6168.0,6168.0,6168.0,,0,,,5378.9,5829.74,Cocoa,CC=F
2025-12-11,6235.0,6235.0,6235.0,6235.0,,0,,,5409.4,5820.94,Cocoa,CC=F
2025-12-12,6226.0,6226.0,6226.0,6226.0,,0,,,5446.35,5815.84,Cocoa,CC=F
2025-12-15,5823.0,5823.0,5823.0,5823.0,,18663,,,5473.15,5808.5,Cocoa,CC=F
2025-12-16,5931.0,6050.0,5865.0,5998.0,,10863,,,5509.85,5802.8,Cocoa,CC=F
2025-12-17,6026.0,6087.0,5926.0,5978.0,,10526,,,5545.65,5798.78,Cocoa,CC=F
2025-12-18,6012.0,6027.0,5796.0,5934.0,,9523,,,5595.2,5797.46,Cocoa,CC=F
2025-12-19,5936.0,5984.0,5780.0,5845.0,,8435,,,5632.05,5795.46,Cocoa,CC=F
2025-12-22,5795.0,6015.0,5760.0,5887.0,,10563,,,5672.2,5796.24,Cocoa,CC=F
2025-12-23,5845.0,5990.0,5776.0,5958.0,,9059,,,5715.6,5798.96,Cocoa,CC=F
2025-12-24,5962.0,5998.0,5866.0,5966.0,,0,,,5763.95,5800.3,Cocoa,CC=F
2025-12-26,5983.0,6058.0,5866.0,5953.0,,5125,,,5811.95,5803.18,Cocoa,CC=F
2025-12-29,5965.0,6345.0,5901.0,6242.0,,14671,,,5853.85,5808.2,Cocoa,CC=F
2025-12-30,6280.0,6324.0,5861.0,6063.0,,13974,,,5884.2,5811.56,Cocoa,CC=F
2025-12-31,6110.0,6185.0,5978.0,6065.0,,0,,,5917.4,5814.88,Cocoa,CC=F
2026-01-02,5973.0,6077.0,5823.0,5871.0,,10484,,,5938.3,5813.98,Cocoa,CC=F
2026-01-05,6002.0,6093.0,5840.0,6077.0,,12000,,,5970.45,5809.56,Cocoa,CC=F
2026-01-06,6089.0,6166.0,5944.0,5954.0,,12240,,,5986.0,5801.86,Cocoa,CC=F
2026-01-07,5999.0,6083.0,5701.0,5915.0,,17630,,,5999.35,5793.78,Cocoa,CC=F
2026-01-08,5952.0,6276.0,5891.0,6077.0,,26853,,,6011.75,5791.68,Cocoa,CC=F
2026-01-09,5997.0,6119.0,5300.0,5345.0,,36503,,,5970.6,5778.54,Cocoa,CC=F
2026-01-12,5330.0,5455.0,5192.0,5443.0,,29125,,,5931.0,5766.52,Cocoa,CC=F
2026-01-13,5471.0,5494.0,5051.0,5224.0,,27203,,,5880.9,5749.84,Cocoa,CC=F
2026-01-14,5253.0,5262.0,4961.0,5090.0,,22479,,,5844.25,5728.62,Cocoa,CC=F
2026-01-15,4939.0,5083.0,4839.0,4966.0,,14898,,,5792.65,5696.76,Cocoa,CC=F
2026-01-16,5001.0,5187.0,4985.0,5076.0,,11213,,,5747.55,5666.28,Cocoa,CC=F
2026-01-20,4939.0,4970.0,4587.0,4648.0,,19368,,,5683.25,5631.32,Cocoa,CC=F
2026-01-21,4399.0,4589.0,4245.0,4448.0,,18698,,,5613.4,5596.58,Cocoa,CC=F
2026-01-22,4407.0,4494.0,4387.0,4469.0,,12900,,,5542.5,5565.7,Cocoa,CC=F
2026-01-23,4440.0,4442.0,4054.0,4201.0,,15306,,,5454.65,5527.68,Cocoa,CC=F
2026-01-26,4279.0,4489.0,4225.0,4348.0,,15494,,,5373.75,5498.06,Cocoa,CC=F
2026-01-27,4301.0,4484.0,4268.0,4433.0,,12151,,,5297.75,5474.22,Cocoa,CC=F
2026-01-28,4404.0,4416.0,4071.0,4150.0,,13013,,,5193.15,5447.48,Cocoa,CC=F
2026-01-29,4165.0,4246.0,4104.0,4177.0,,13236,,,5098.85,5425.28,Cocoa,CC=F
2026-01-30,4169.0,4230.0,3931.0,4165.0,,17409,,,5003.85,5403.3,Cocoa,CC=F
2026-02-02,4103.0,4253.0,3940.0,4210.0,,16615,,,4920.8,5382.26,Cocoa,CC=F
2026-02-03,4299.0,4398.0,4206.0,4300.0,,15066,,,4831.95,5369.4,Cocoa,CC=F
2026-02-04,4251.0,4308.0,4017.0,4086.0,,18987,,,4738.55,5348.96,Cocoa,CC=F
2026-02-05,4072.0,4239.0,4068.0,4209.0,,15627,,,4653.25,5331.46,Cocoa,CC=F
2026-02-06,4148.0,4250.0,4071.0,4197.0,,14255,,,4559.25,5313.6,Cocoa,CC=F
2026-02-09,4172.0,4237.0,3966.0,4102.0,,15904,,,4497.1,5295.66,Cocoa,CC=F
2026-02-10,3982.0,4073.0,3776.0,3805.0,,13735,,,4415.2,5271.9,Cocoa,CC=F
2026-02-11,3795.0,3865.0,3749.0,3762.0,,12053,,,4342.1,5239.06,Cocoa,CC=F
2026-02-12,3751.0,3751.0,3604.0,3632.0,,10766,,,4269.2,5202.58,Cocoa,CC=F
2026-02-13,3606.0,3673.0,3563.0,3581.0,,9938,,,4199.95,5166.18,Cocoa,CC=F
2026-02-17,3540.0,3574.0,3364.0,3384.0,,11863,,,4115.35,5124.8,Cocoa,CC=F
2026-02-18,3358.0,3375.0,3105.0,3226.0,,5903,,,4044.25,5080.64,Cocoa,CC=F
2026-02-19,3197.0,3271.0,2961.0,2968.0,,5157,,,3970.25,5027.14,Cocoa,CC=F
2026-02-20,2967.0,3120.0,2936.0,3080.0,,3267,,,3900.8,4975.78,Cocoa,CC=F
2026-02-23,3165.0,3165.0,3007.0,3004.0,,138,,,3840.95,4919.28,Cocoa,CC=F
2026-02-24,3027.0,3027.0,3027.0,2997.0,,1,,,3773.4,4855.86,Cocoa,CC=F
2026-02-25,2957.0,2957.0,2957.0,2957.0,,97,,,3699.6,4790.3,Cocoa,CC=F
2026-02-26,2974.0,2974.0,2974.0,2974.0,,5,,,3640.8,4725.26,Cocoa,CC=F
2026-02-27,2798.0,2798.0,2798.0,2798.0,,0,,,3571.85,4664.76,Cocoa,CC=F
2026-03-02,2931.0,2931.0,2931.0,2931.0,,0,,,3510.15,4603.42,Cocoa,CC=F
2026-03-03,2966.0,2967.0,2941.0,2925.0,,10,,,3445.9,4542.36,Cocoa,CC=F
2026-03-04,2968.0,2968.0,2968.0,2968.0,,0,,,3379.3,4483.04,Cocoa,CC=F
2026-03-05,2963.0,2963.0,2963.0,2963.0,,0,,,3323.15,4425.4,Cocoa,CC=F
2026-03-06,3138.0,3138.0,3138.0,3138.0,,0,,,3269.6,4370.42,Cocoa,CC=F
2026-03-09,3197.0,3197.0,3197.0,3197.0,,0,,,3219.6,4315.2,Cocoa,CC=F
2026-03-10,3356.0,3356.0,3356.0,3356.0,,0,,,3182.3,4263.0,Cocoa,CC=F
2026-03-11,3360.0,3360.0,3360.0,3337.0,,1,,,3158.9,4210.68,Cocoa,CC=F
2026-03-12,3223.0,3223.0,3223.0,3223.0,,0,,,3131.95,4150.3,Cocoa,CC=F
2026-03-13,3205.0,3205.0,3205.0,3205.0,,0,,,3110.6,4093.14,Cocoa,CC=F
2026-03-16,3328.0,3328.0,3328.0,3328.0,,16374,,,3097.95,4038.4,Cocoa,CC=F
2026-03-17,3396.0,3422.0,3325.0,3349.0,,14764,,,3096.2,3987.96,Cocoa,CC=F
2026-03-18,3377.0,3386.0,3232.0,3260.0,,12137,,,3097.9,3931.62,Cocoa,CC=F
2026-03-19,3233.0,3351.0,3193.0,3331.0,,13959,,,3116.05,3879.16,Cocoa,CC=F
2026-03-20,3311.0,3341.0,3171.0,3255.0,,14018,,,3124.8,3825.96,Cocoa,CC=F
2026-03-23,3278.0,3332.0,3168.0,3180.0,,13995,,,3133.6,3768.02,Cocoa,CC=F
2026-03-24,3180.0,3250.0,3178.0,3235.0,,10675,,,3145.5,3725.82,Cocoa,CC=F
2026-03-25,3220.0,3233.0,3121.0,3133.0,,10266,,,3154.3,3679.62,Cocoa,CC=F
2026-03-26,3134.0,3194.0,3080.0,3164.0,,8536,,,3163.8,3638.42,Cocoa,CC=F
2026-03-27,3162.0,3204.0,3112.0,3165.0,,8905,,,3182.15,3599.92,Cocoa,CC=F
2026-03-30,3154.0,3176.0,3105.0,3155.0,,9172,,,3193.35,3563.7,Cocoa,CC=F
2026-03-31,3151.0,3331.0,3140.0,3300.0,,18657,,,3212.1,3528.18,Cocoa,CC=F
2026-04-01,3267.0,3378.0,3250.0,3345.0,,17354,,,3230.95,3502.12,Cocoa,CC=F
2026-04-02,3356.0,3357.0,3196.0,3245.0,,13619,,,3245.05,3478.06,Cocoa,CC=F
2026-04-06,3265.0,3297.0,3215.0,3235.0,,7266,,,3249.9,3453.38,Cocoa,CC=F
2026-04-07,3210.0,3217.0,2992.0,3028.0,,21725,,,3241.45,3429.92,Cocoa,CC=F
2026-04-08,3048.0,3238.0,3034.0,3196.0,,23272,,,3233.45,3406.88,Cocoa,CC=F
2026-04-09,3157.0,3206.0,3101.0,3162.0,,18211,,,3224.7,3381.46,Cocoa,CC=F
2026-04-10,3188.0,3261.0,3162.0,3246.0,,17476,,,3225.85,3363.38,Cocoa,CC=F
2026-04-13,3253.0,3299.0,3115.0,3278.0,,23211,,,3229.5,3345.4,Cocoa,CC=F
2026-04-14,3281.0,3586.0,3264.0,3557.0,,39405,,,3240.95,3333.24,Cocoa,CC=F
2026-04-15,3554.0,3610.0,3391.0,3477.0,,6693,,,3247.35,3318.58,Cocoa,CC=F
2026-04-16,3436.0,3520.0,3354.0,3367.0,,6952,,,3252.7,3299.92,Cocoa,CC=F
2026-04-17,3355.0,3468.0,3173.0,3186.0,,6896,,,3245.45,3281.92,Cocoa,CC=F
2026-04-20,3204.0,3342.0,3204.0,3298.0,,5498,,,3247.6,3263.7,Cocoa,CC=F
2026-04-21,3279.0,3295.0,3198.0,3220.0,,4560,,,3249.6,3244.16,Cocoa,CC=F
2026-04-22,3206.0,3400.0,3206.0,3339.0,,3443,,,3254.8,3228.9,Cocoa,CC=F
2026-04-23,3336.0,3400.0,3270.0,3369.0,,560,,,3266.6,3220.18,Cocoa,CC=F
2026-04-24,3402.0,3402.0,3400.0,3349.0,,3,,,3275.85,3211.92,Cocoa,CC=F
2026-04-27,3281.0,3281.0,3244.0,3218.0,,2,,,3278.5,3203.64,Cocoa,CC=F
2026-04-28,3305.0,3305.0,3305.0,3305.0,,0,,,3286.0,3198.12,Cocoa,CC=F
2026-04-29,3335.0,3335.0,3335.0,3335.0,,0,,,3287.75,3197.14,Cocoa,CC=F
2026-04-30,3494.0,3494.0,3494.0,3494.0,,0,,,3295.2,3202.5,Cocoa,CC=F
2026-05-01,3521.0,3521.0,3521.0,3521.0,,0,,,3309.0,3213.56,Cocoa,CC=F
2026-05-04,3812.0,3812.0,3812.0,3812.0,,0,,,3337.85,3228.2,Cocoa,CC=F
2026-05-05,4003.0,4003.0,4003.0,4003.0,,0,,,3386.6,3248.18,Cocoa,CC=F
2026-05-06,4064.0,4064.0,4064.0,4064.0,,0,,,3430.0,3269.52,Cocoa,CC=F
2026-05-07,4356.0,4356.0,4356.0,4356.0,,0,,,3489.7,3297.5,Cocoa,CC=F
2026-05-08,4225.0,4225.0,4225.0,4113.0,,1,,,3533.05,3320.28,Cocoa,CC=F
2026-05-11,4632.0,4632.0,4632.0,4632.0,,0,,,3600.75,3356.96,Cocoa,CC=F
2026-05-12,4467.0,4467.0,4467.0,4503.0,,1,,,3648.05,3388.4,Cocoa,CC=F
2026-05-13,4309.0,4309.0,4309.0,4309.0,,25336,,,3689.65,3416.08,Cocoa,CC=F
2026-05-14,4450.0,4491.0,4094.0,4189.0,,17160,,,3730.75,3440.5,Cocoa,CC=F
2026-05-15,4149.0,4168.0,3957.0,4002.0,,16556,,,3771.55,3461.28,Cocoa,CC=F
2026-05-18,3907.0,3953.0,3721.0,3791.0,,20504,,,3796.2,3474.34,Cocoa,CC=F
2026-05-19,3769.0,3958.0,3769.0,3907.0,,14176,,,3830.55,3488.54,Cocoa,CC=F
2026-05-20,3846.0,3938.0,3763.0,3889.0,,12758,,,3858.05,3499.2,Cocoa,CC=F
2026-05-21,3832.0,3943.0,3732.0,3767.0,,15658,,,3877.95,3507.8,Cocoa,CC=F
2026-05-22,3735.0,3829.0,3651.0,3796.0,,14971,,,3900.3,3519.26,Cocoa,CC=F
2026-05-26,3790.0,4199.0,3765.0,4169.0,,21241,,,3947.85,3538.54,Cocoa,CC=F
2026-05-27,4220.0,4334.0,4103.0,4140.0,,19030,,,3989.6,3554.78,Cocoa,CC=F
2026-05-28,4115.0,4224.0,4041.0,4099.0,,12799,,,4027.8,3569.78,Cocoa,CC=F
2026-05-29,4076.0,4175.0,3895.0,3923.0,,15620,,,4049.25,3583.04,Cocoa,CC=F
2026-06-01,3875.0,4099.0,3845.0,3895.0,,17870,,,4067.95,3594.32,Cocoa,CC=F
2026-06-02,3913.0,4199.0,3912.0,4108.0,,18830,,,4082.75,3611.38,Cocoa,CC=F
2026-06-03,4088.0,4123.0,4011.0,4072.0,,15068,,,4086.2,3629.22,Cocoa,CC=F
2026-06-04,4016.0,4075.0,3893.0,3965.0,,12238,,,4081.25,3643.82,Cocoa,CC=F
2026-06-05,3925.0,3957.0,3720.0,3762.0,,21486,,,4051.55,3656.4,Cocoa,CC=F
2026-06-08,3875.0,3908.0,3787.0,3831.0,,21110,,,4037.45,3669.74,Cocoa,CC=F
2026-06-09,3829.0,3959.0,3773.0,3831.0,,17058,,,3997.4,3683.06,Cocoa,CC=F
2026-06-10,3807.0,3872.0,3736.0,3757.0,,16256,,,3960.1,3695.1,Cocoa,CC=F
2026-06-11,3761.0,3798.0,3694.0,3710.0,,13660,,,3930.15,3703.3,Cocoa,CC=F
2026-06-12,3701.0,3853.0,3700.0,3779.0,,12089,,,3909.65,3711.98,Cocoa,CC=F
2026-06-15,3940.0,4082.0,3866.0,3882.0,,12015,,,3903.65,3724.72,Cocoa,CC=F
2026-06-16,3891.0,4238.0,3877.0,4142.0,,9884,,,3921.2,3742.86,Cocoa,CC=F
2026-06-17,4153.0,4300.0,4100.0,4144.0,,8705,,,3933.05,3765.18,Cocoa,CC=F
2026-06-18,4082.0,4164.0,3984.0,4143.0,,6224,,,3945.75,3784.12,Cocoa,CC=F
2026-06-22,4224.0,4569.0,4211.0,4525.0,,9786,,,3983.65,3811.38,Cocoa,CC=F
2026-06-23,4499.0,4594.0,4421.0,4545.0,,1477,,,4021.1,3837.36,Cocoa,CC=F
2026-06-24,4650.0,4800.0,4611.0,4902.0,,203,,,4057.75,3869.84,Cocoa,CC=F
2026-06-25,5100.0,5100.0,5067.0,5159.0,,2,,,4108.7,3901.88,Cocoa,CC=F
2026-06-26,5014.0,5014.0,5014.0,5014.0,,0,,,4154.45,3932.62,Cocoa,CC=F
2026-06-29,4911.0,4911.0,4800.0,4895.0,,34,,,4203.05,3963.18,Cocoa,CC=F
2026-06-30,5002.0,5002.0,5002.0,5002.0,,0,,,4258.4,3999.5,Cocoa,CC=F
2026-07-01,5006.0,5006.0,5006.0,5006.0,,0,,,4303.3,4033.66,Cocoa,CC=F
2026-07-02,4949.0,4949.0,4949.0,4949.0,,0,,,4347.15,4068.24,Cocoa,CC=F
2026-07-06,5240.0,5742.0,5144.0,5723.0,,28813,,,4435.05,4115.92,Cocoa,CC=F
